{
  "CO_from_valve_arterial.flux_L_min": 2.514892416601838,
  "CO_from_valve_atrium.flux_L_min": 2.499288296458438,
  "EDV_ml": 71.64611626708752,
  "ESV_ml": 35.774118856845526,
  "SV_from_volume_ml": 35.871997410241995,
  "atrium_cycle_balance_rel": 0.00017395045274136927,
  "integral_aao_arch.flow_ml": 35.83329091564911,
  "integral_arch_bca.flow_ml": 8.555808568291953,
  "integral_arch_dao.flow_ml": 18.5353658886365,
  "integral_arch_lcca.flow_ml": 4.373448671093502,
  "integral_arch_lsa.flow_ml": 4.373448671093502,
  "integral_fenestration.flow_ml": 3.279406666194539e-06,
  "integral_ivc_conduit_junction.flow_ml": 18.50423730373858,
  "integral_ivc_conduit_rl.flux_ml": 18.504580479481923,
  "integral_left_lung.flow_ml": 14.659234597825945,
  "integral_left_lung_dist.flow_ml": 14.659234597825945,
  "integral_left_lung_prox.flow_ml": 14.666901373969182,
  "integral_lower_ra4.flow_ml": 18.546108073908325,
  "integral_lower_rc2.flow_ml": 18.579093454744402,
  "integral_lower_rv2.flow_ml": 18.580208655273015,
  "integral_lpa_conduit_out.flow_ml": 14.670023431329518,
  "integral_lpa_conduit_rl.flux_ml": 14.670356876740216,
  "integral_right_lung.flow_ml": 21.17642353753116,
  "integral_right_lung_dist.flow_ml": 21.17642353753116,
  "integral_right_lung_prox.flow_ml": 21.183903518883664,
  "integral_rpa_conduit_out.flow_ml": 21.186999868947144,
  "integral_rpa_conduit_rl.flux_ml": 21.18733055141549,
  "integral_svc_conduit_junction.flow_ml": 17.353790146285576,
  "integral_svc_conduit_rl.flux_ml": 17.354127511319213,
  "integral_upper_bca_to_ca1.flow_ml": 8.558775160722119,
  "integral_upper_lcca_to_ca1.flow_ml": 4.374919279161792,
  "integral_upper_lsa_to_ca1.flow_ml": 4.374919279161792,
  "integral_upper_rc1.flow_ml": 17.32804875063559,
  "integral_upper_rv1.flow_ml": 17.390132628771322,
  "integral_valve_arterial.flux_ml": 35.8296554565122,
  "integral_valve_atrium.flux_ml": 35.823196324017005,
  "max_aao_pressure_mmHg": 53.15424143116329,
  "max_active_atrium_activation": 0.9999906897502774,
  "max_active_atrium_elastance": 66660534.52708243,
  "max_active_atrium_volume_ml": 87.60243385939832,
  "max_aortic_arch_pressure_mmHg": 51.584481246964884,
  "max_atrial_pressure_mmHg": 9.56071150696571,
  "max_bca_pressure_mmHg": 50.72529468931154,
  "max_cavity_pressure_mmHg": 53.06942232467727,
  "max_dao_pressure_mmHg": 45.99221754083428,
  "max_ivc_conduit_pressure_mmHg": 8.445383807487945,
  "max_ivc_pressure_mmHg": 8.949297562676275,
  "max_lcca_pressure_mmHg": 50.93040573462563,
  "max_left_lung_pressure_mid_mmHg": 7.312504534152265,
  "max_lower_art_pressure_mmHg": 37.20612591773323,
  "max_lower_ven_pressure_mmHg": 14.198423014981204,
  "max_lpa_conduit_pressure_mmHg": 8.053255494356746,
  "max_lpa_pressure_mmHg": 8.033491715680563,
  "max_lsa_pressure_mmHg": 50.93040573462563,
  "max_right_lung_pressure_mid_mmHg": 7.521405259957904,
  "max_rpa_conduit_pressure_mmHg": 8.131378979901552,
  "max_rpa_pressure_mmHg": 8.115777662310396,
  "max_svc_conduit_pressure_mmHg": 8.453840496583386,
  "max_svc_pressure_mmHg": 9.129371059304095,
  "max_tcpc_pressure_mmHg": 8.418306772953196,
  "max_upper_art_pressure_mmHg": 44.05926815960677,
  "max_upper_ven_pressure_mmHg": 19.319034626568975,
  "mean_aao_arch.flow_ml_s": 41.91638733144587,
  "mean_aao_pressure_mmHg": 47.79287334285191,
  "mean_active_atrium_volume_ml": 74.662103302408,
  "mean_aortic_arch_pressure_mmHg": 47.12221271513976,
  "mean_arch_bca.flow_ml_s": 10.010474314897753,
  "mean_arch_dao.flow_ml_s": 21.66318428568799,
  "mean_arch_lcca.flow_ml_s": 5.11657465266224,
  "mean_arch_lsa.flow_ml_s": 5.11657465266224,
  "mean_atrial_pressure_mmHg": 5.1117944454504824,
  "mean_bca_pressure_mmHg": 46.721794679668406,
  "mean_cavity_pressure_mmHg": 25.987203387856546,
  "mean_dao_pressure_mmHg": 44.00272147875028,
  "mean_fenestration.flow_ml_s": 3.822396379501169e-06,
  "mean_ivc_conduit_junction.flow_ml_s": 21.57311496186572,
  "mean_ivc_conduit_pressure_mmHg": 8.257848619749076,
  "mean_ivc_conduit_rl.flux_ml_s": 21.57354998245344,
  "mean_ivc_pressure_mmHg": 8.93418187916806,
  "mean_lcca_pressure_mmHg": 46.81521895445762,
  "mean_left_lung.flow_ml_s": 17.08259679804301,
  "mean_left_lung_dist.flow_ml_s": 17.08259679804301,
  "mean_left_lung_pressure_mid_mmHg": 6.710721763673012,
  "mean_left_lung_prox.flow_ml_s": 17.09748807683374,
  "mean_lower_art_pressure_mmHg": 36.99737298894619,
  "mean_lower_ra4.flow_ml_s": 21.621496558271158,
  "mean_lower_rc2.flow_ml_s": 21.653408189558007,
  "mean_lower_rv2.flow_ml_s": 21.655217960070786,
  "mean_lower_ven_pressure_mmHg": 14.196387527980825,
  "mean_lpa_conduit_out.flow_ml_s": 17.101413043548227,
  "mean_lpa_conduit_pressure_mmHg": 7.799834307702652,
  "mean_lpa_conduit_rl.flux_ml_s": 17.101833017789033,
  "mean_lpa_pressure_mmHg": 7.77760252277654,
  "mean_lsa_pressure_mmHg": 46.81521895445762,
  "mean_right_lung.flow_ml_s": 24.67557638997149,
  "mean_right_lung_dist.flow_ml_s": 24.67557638997149,
  "mean_right_lung_pressure_mid_mmHg": 6.710768053338005,
  "mean_right_lung_prox.flow_ml_s": 24.69612836242922,
  "mean_rpa_conduit_out.flow_ml_s": 24.70098883879943,
  "mean_rpa_conduit_pressure_mmHg": 7.799869139655281,
  "mean_rpa_conduit_rl.flux_ml_s": 24.701503828980332,
  "mean_rpa_pressure_mmHg": 7.777638301728647,
  "mean_svc_conduit_junction.flow_ml_s": 20.2306553915127,
  "mean_svc_conduit_pressure_mmHg": 8.2667604010665,
  "mean_svc_conduit_rl.flux_ml_s": 20.231082749922383,
  "mean_svc_pressure_mmHg": 9.112407042695093,
  "mean_tcpc_pressure_mmHg": 8.222253063368608,
  "mean_upper_art_pressure_mmHg": 43.001565752280115,
  "mean_upper_bca_to_ca1.flow_ml_s": 10.000638801300079,
  "mean_upper_lcca_to_ca1.flow_ml_s": 5.112147624021186,
  "mean_upper_lsa_to_ca1.flow_ml_s": 5.112147624021186,
  "mean_upper_rc1.flow_ml_s": 20.195078839378077,
  "mean_upper_rv1.flow_ml_s": 20.268128392483504,
  "mean_upper_ven_pressure_mmHg": 19.304869332358713,
  "min_aao_pressure_mmHg": 43.10453533664949,
  "min_active_atrium_elastance": 16665250.0,
  "min_active_atrium_volume_ml": 58.108036969666706,
  "min_aortic_arch_pressure_mmHg": 43.02365301795394,
  "min_atrial_pressure_mmHg": 2.6844543045769584,
  "min_bca_pressure_mmHg": 42.97743168191631,
  "min_cavity_pressure_mmHg": 3.815394875653277,
  "min_dao_pressure_mmHg": 41.802777536669204,
  "min_ivc_conduit_pressure_mmHg": 8.175220676820006,
  "min_ivc_pressure_mmHg": 8.92498498197448,
  "min_lcca_pressure_mmHg": 42.985033858956285,
  "min_left_lung_pressure_mid_mmHg": 6.479338978209526,
  "min_lower_art_pressure_mmHg": 36.72613814489978,
  "min_lower_ven_pressure_mmHg": 14.194154524053978,
  "min_lpa_conduit_pressure_mmHg": 7.674167897560557,
  "min_lpa_pressure_mmHg": 7.649994409189307,
  "min_lsa_pressure_mmHg": 42.985033858956285,
  "min_right_lung_pressure_mid_mmHg": 6.3876551436582005,
  "min_rpa_conduit_pressure_mmHg": 7.65502916784205,
  "min_rpa_pressure_mmHg": 7.629557349767468,
  "min_svc_conduit_pressure_mmHg": 8.184140274444829,
  "min_svc_pressure_mmHg": 9.102071688175105,
  "min_tcpc_pressure_mmHg": 8.13510160256847,
  "min_upper_art_pressure_mmHg": 41.6087893070643,
  "min_upper_ven_pressure_mmHg": 19.28435967919853,
  "pass_atrium_balance": true,
  "pass_no_nan": true,
  "pass_tcpc_balance": true,
  "pass_ventricle_balance": true,
  "periodicity_cavity_volume": 0.006269514540020702,
  "periodicity_valve_arterial.flux": 0.0040963769515943325,
  "periodicity_valve_atrium.flux": 0.001101938548172564,
  "rpa_flow_fraction": 0.590898793512611,
  "tcpc_cycle_balance_rel": 2.3491227017116913e-05,
  "tcpc_junction_cycle_balance_rel": 4.741246308737276e-06,
  "ventricle_cycle_balance_rel": 9.014480700484425e-05
}
