{
  "CO_from_valve_arterial.flux_L_min": 3.4593723180388007,
  "CO_from_valve_atrium.flux_L_min": 3.4501913981593217,
  "EDV_ml": 123.31719396359999,
  "ESV_ml": 65.43013589253403,
  "SV_from_volume_ml": 57.887058071065965,
  "atrium_cycle_balance_rel": 0.00037380177247615606,
  "integral_aao_arch.flow_ml": 57.876670920138025,
  "integral_arch_bca.flow_ml": 9.887700912713772,
  "integral_arch_dao.flow_ml": 38.01106446510534,
  "integral_arch_lcca.flow_ml": 5.054177575483172,
  "integral_arch_lsa.flow_ml": 5.054177575483172,
  "integral_fenestration.flow_ml": 1.0316431923948777e-05,
  "integral_ivc_conduit_junction.flow_ml": 37.753963919922036,
  "integral_ivc_conduit_rl.flux_ml": 37.75363421781603,
  "integral_left_lung.flow_ml": 28.7675957448,
  "integral_left_lung_dist.flow_ml": 28.7675957448,
  "integral_left_lung_prox.flow_ml": 28.741416019280923,
  "integral_lower_ra4.flow_ml": 38.229790839180005,
  "integral_lower_rc2.flow_ml": 38.66628087064716,
  "integral_lower_rv2.flow_ml": 37.94603623874068,
  "integral_lpa_conduit_out.flow_ml": 28.735379087342146,
  "integral_lpa_conduit_rl.flux_ml": 28.734747027099527,
  "integral_right_lung.flow_ml": 28.7675957448,
  "integral_right_lung_dist.flow_ml": 28.7675957448,
  "integral_right_lung_prox.flow_ml": 28.741416019280923,
  "integral_rpa_conduit_out.flow_ml": 28.735379087342146,
  "integral_rpa_conduit_rl.flux_ml": 28.734747027099527,
  "integral_svc_conduit_junction.flow_ml": 19.715129112887418,
  "integral_svc_conduit_rl.flux_ml": 19.71468266818832,
  "integral_upper_bca_to_ca1.flow_ml": 9.966101893157587,
  "integral_upper_lcca_to_ca1.flow_ml": 5.093360973504266,
  "integral_upper_lsa_to_ca1.flow_ml": 5.093360973504266,
  "integral_upper_rc1.flow_ml": 20.51574150961357,
  "integral_upper_rv1.flow_ml": 19.553106892012888,
  "integral_valve_arterial.flux_ml": 57.77162548851742,
  "integral_valve_atrium.flux_ml": 57.5782314114048,
  "max_aao_pressure_mmHg": 106.6754350166842,
  "max_active_atrium_activation": 1.0,
  "max_active_atrium_elastance": 66661000.0,
  "max_active_atrium_volume_ml": 43.158137041971656,
  "max_aortic_arch_pressure_mmHg": 96.76417130574791,
  "max_atrial_pressure_mmHg": 4.144757429999256,
  "max_bca_pressure_mmHg": 94.64263160841116,
  "max_cavity_pressure_mmHg": 105.94159990328131,
  "max_dao_pressure_mmHg": 85.23740595049094,
  "max_ivc_conduit_pressure_mmHg": 10.324381761894825,
  "max_ivc_pressure_mmHg": 12.368269967394035,
  "max_lcca_pressure_mmHg": 95.20047573701392,
  "max_left_lung_pressure_mid_mmHg": 6.655209508171472,
  "max_lower_art_pressure_mmHg": 68.21084619508296,
  "max_lower_ven_pressure_mmHg": 22.634067391119373,
  "max_lpa_conduit_pressure_mmHg": 9.195266670558349,
  "max_lpa_pressure_mmHg": 9.141506599270503,
  "max_lsa_pressure_mmHg": 95.20047573701392,
  "max_right_lung_pressure_mid_mmHg": 6.655209508171472,
  "max_rpa_conduit_pressure_mmHg": 9.195266670558349,
  "max_rpa_pressure_mmHg": 9.141506599270503,
  "max_svc_conduit_pressure_mmHg": 10.289811490968983,
  "max_svc_pressure_mmHg": 11.682360288544945,
  "max_tcpc_pressure_mmHg": 10.217373048336954,
  "max_upper_art_pressure_mmHg": 80.55292677903924,
  "max_upper_ven_pressure_mmHg": 31.39896490183094,
  "mean_aao_arch.flow_ml_s": 57.77430187082658,
  "mean_aao_pressure_mmHg": 89.98371433763424,
  "mean_active_atrium_volume_ml": 25.673633055608395,
  "mean_aortic_arch_pressure_mmHg": 87.67274767130777,
  "mean_arch_bca.flow_ml_s": 9.865431730848906,
  "mean_arch_dao.flow_ml_s": 37.969730276515875,
  "mean_arch_lcca.flow_ml_s": 5.042763240403003,
  "mean_arch_lsa.flow_ml_s": 5.042763240403003,
  "mean_atrial_pressure_mmHg": 2.0372502463880506,
  "mean_bca_pressure_mmHg": 86.88351497993281,
  "mean_cavity_pressure_mmHg": 40.41517191404279,
  "mean_dao_pressure_mmHg": 81.59760504511931,
  "mean_fenestration.flow_ml_s": 1.0318877154928068e-05,
  "mean_ivc_conduit_junction.flow_ml_s": 37.755321380298795,
  "mean_ivc_conduit_pressure_mmHg": 10.203978000401936,
  "mean_ivc_conduit_rl.flux_ml_s": 37.75482447915481,
  "mean_ivc_pressure_mmHg": 12.356103251428781,
  "mean_lcca_pressure_mmHg": 87.06761749868518,
  "mean_left_lung.flow_ml_s": 28.780839702468892,
  "mean_left_lung_dist.flow_ml_s": 28.780839702468892,
  "mean_left_lung_pressure_mid_mmHg": 6.181681464059826,
  "mean_left_lung_prox.flow_ml_s": 28.745519501744898,
  "mean_lower_art_pressure_mmHg": 67.84090445684888,
  "mean_lower_ra4.flow_ml_s": 38.213146622159925,
  "mean_lower_rc2.flow_ml_s": 38.66625083599542,
  "mean_lower_rv2.flow_ml_s": 37.945991044513654,
  "mean_lower_ven_pressure_mmHg": 22.60149685548198,
  "mean_lpa_conduit_out.flow_ml_s": 28.736976318037474,
  "mean_lpa_conduit_pressure_mmHg": 8.998718695966726,
  "mean_lpa_conduit_rl.flux_ml_s": 28.736081496888527,
  "mean_lpa_pressure_mmHg": 8.94124487784039,
  "mean_lsa_pressure_mmHg": 87.06761749868518,
  "mean_right_lung.flow_ml_s": 28.780839702468892,
  "mean_right_lung_dist.flow_ml_s": 28.780839702468892,
  "mean_right_lung_pressure_mid_mmHg": 6.181681464059826,
  "mean_right_lung_prox.flow_ml_s": 28.745519501744898,
  "mean_rpa_conduit_out.flow_ml_s": 28.736976318037474,
  "mean_rpa_conduit_pressure_mmHg": 8.998718695966726,
  "mean_rpa_conduit_rl.flux_ml_s": 28.736081496888527,
  "mean_rpa_pressure_mmHg": 8.94124487784039,
  "mean_svc_conduit_junction.flow_ml_s": 19.716264952872706,
  "mean_svc_conduit_pressure_mmHg": 10.16957717658303,
  "mean_svc_conduit_rl.flux_ml_s": 19.715651178401124,
  "mean_svc_pressure_mmHg": 11.667927077246341,
  "mean_tcpc_pressure_mmHg": 10.09071230134417,
  "mean_upper_art_pressure_mmHg": 79.47832610140391,
  "mean_upper_bca_to_ca1.flow_ml_s": 9.953234152388843,
  "mean_upper_lcca_to_ca1.flow_ml_s": 5.086668337129258,
  "mean_upper_lsa_to_ca1.flow_ml_s": 5.086668337129258,
  "mean_upper_rc1.flow_ml_s": 20.515191618257802,
  "mean_upper_rv1.flow_ml_s": 19.553096367330838,
  "mean_upper_ven_pressure_mmHg": 31.333699220675946,
  "min_aao_pressure_mmHg": 80.45124688340974,
  "min_active_atrium_elastance": 16665250.0,
  "min_active_atrium_volume_ml": 11.641208376434198,
  "min_aortic_arch_pressure_mmHg": 80.17639269469322,
  "min_atrial_pressure_mmHg": 0.5513829684231214,
  "min_bca_pressure_mmHg": 80.22916538441382,
  "min_cavity_pressure_mmHg": 0.48574409529892176,
  "min_dao_pressure_mmHg": 77.45303814855012,
  "min_ivc_conduit_pressure_mmHg": 10.113757279428766,
  "min_ivc_pressure_mmHg": 12.346701389242945,
  "min_lcca_pressure_mmHg": 80.21062521452708,
  "min_left_lung_pressure_mid_mmHg": 5.8590214898056265,
  "min_lower_art_pressure_mmHg": 67.33337530117247,
  "min_lower_ven_pressure_mmHg": 22.57404714696657,
  "min_lpa_conduit_pressure_mmHg": 8.85136135897472,
  "min_lpa_pressure_mmHg": 8.791100321408457,
  "min_lsa_pressure_mmHg": 80.21062521452708,
  "min_right_lung_pressure_mid_mmHg": 5.8590214898056265,
  "min_rpa_conduit_pressure_mmHg": 8.85136135897472,
  "min_rpa_pressure_mmHg": 8.791100321408457,
  "min_svc_conduit_pressure_mmHg": 10.079564066393843,
  "min_svc_pressure_mmHg": 11.65738675067607,
  "min_tcpc_pressure_mmHg": 9.995833745130627,
  "min_upper_art_pressure_mmHg": 77.90691271971014,
  "min_upper_ven_pressure_mmHg": 31.27863585811704,
  "pass_atrium_balance": true,
  "pass_no_nan": true,
  "pass_tcpc_balance": true,
  "pass_ventricle_balance": true,
  "periodicity_cavity_volume": 0.006258907295658727,
  "periodicity_valve_arterial.flux": 0.00576034489539238,
  "periodicity_valve_atrium.flux": 0.016421349578456923,
  "rpa_flow_fraction": 0.4999999999913004,
  "tcpc_cycle_balance_rel": 2.123984970851126e-05,
  "tcpc_junction_cycle_balance_rel": 3.4890057357138037e-06,
  "ventricle_cycle_balance_rel": 0.001676587057049689
}
