{
  "CO_from_valve_arterial.flux_L_min": 3.518964180836739,
  "CO_from_valve_atrium.flux_L_min": 3.507233778221197,
  "EDV_ml": 124.77007642000001,
  "ESV_ml": 65.88706599554754,
  "SV_from_volume_ml": 58.883010424452465,
  "atrium_cycle_balance_rel": 0.0004036763370371793,
  "integral_aao_arch.flow_ml": 58.84683558491603,
  "integral_arch_bca.flow_ml": 10.059843516239763,
  "integral_arch_dao.flow_ml": 38.60188382283245,
  "integral_arch_lcca.flow_ml": 5.142191100829861,
  "integral_arch_lsa.flow_ml": 5.142191100829861,
  "integral_fenestration.flow_ml": 2.016814697909687,
  "integral_ivc_conduit_junction.flow_ml": 36.38706553900784,
  "integral_ivc_conduit_rl.flux_ml": 36.385666508837495,
  "integral_left_lung.flow_ml": 28.240677518679473,
  "integral_left_lung_dist.flow_ml": 28.240677518679473,
  "integral_left_lung_prox.flow_ml": 28.197385306898475,
  "integral_lower_ra4.flow_ml": 38.765615134513865,
  "integral_lower_rc2.flow_ml": 39.062234875117646,
  "integral_lower_rv2.flow_ml": 38.35083756043574,
  "integral_lpa_conduit_out.flow_ml": 28.18236574018689,
  "integral_lpa_conduit_rl.flux_ml": 28.180770519195708,
  "integral_right_lung.flow_ml": 28.240677518679473,
  "integral_right_lung_dist.flow_ml": 28.240677518679473,
  "integral_right_lung_prox.flow_ml": 28.197385306898475,
  "integral_rpa_conduit_out.flow_ml": 28.18236574018689,
  "integral_rpa_conduit_rl.flux_ml": 28.180770519195708,
  "integral_svc_conduit_junction.flow_ml": 19.97301750910447,
  "integral_svc_conduit_rl.flux_ml": 19.971510965494012,
  "integral_upper_bca_to_ca1.flow_ml": 10.119518886317046,
  "integral_upper_lcca_to_ca1.flow_ml": 5.172015147868285,
  "integral_upper_lsa_to_ca1.flow_ml": 5.172015147868285,
  "integral_upper_rc1.flow_ml": 20.733730478357415,
  "integral_upper_rv1.flow_ml": 19.670296421439083,
  "integral_valve_arterial.flux_ml": 58.76681033407228,
  "integral_valve_atrium.flux_ml": 58.54541746182245,
  "max_aao_pressure_mmHg": 107.52148277536759,
  "max_active_atrium_activation": 1.0,
  "max_active_atrium_elastance": 66661000.0,
  "max_active_atrium_volume_ml": 44.013555208690924,
  "max_aortic_arch_pressure_mmHg": 97.55382263946498,
  "max_atrial_pressure_mmHg": 4.251684450590857,
  "max_bca_pressure_mmHg": 95.41776721114815,
  "max_cavity_pressure_mmHg": 106.73351252508708,
  "max_dao_pressure_mmHg": 85.89755701413564,
  "max_ivc_conduit_pressure_mmHg": 10.24510606223355,
  "max_ivc_pressure_mmHg": 12.206054840670758,
  "max_lcca_pressure_mmHg": 95.98084168118149,
  "max_left_lung_pressure_mid_mmHg": 6.66150268237521,
  "max_lower_art_pressure_mmHg": 68.63910129775662,
  "max_lower_ven_pressure_mmHg": 22.58418429839306,
  "max_lpa_conduit_pressure_mmHg": 9.142501922696205,
  "max_lpa_pressure_mmHg": 9.089920669548823,
  "max_lsa_pressure_mmHg": 95.98084168118149,
  "max_right_lung_pressure_mid_mmHg": 6.66150268237521,
  "max_rpa_conduit_pressure_mmHg": 9.142501922696205,
  "max_rpa_pressure_mmHg": 9.089920669548823,
  "max_svc_conduit_pressure_mmHg": 10.215581319235469,
  "max_svc_pressure_mmHg": 11.629745291469746,
  "max_tcpc_pressure_mmHg": 10.142269287807405,
  "max_upper_art_pressure_mmHg": 81.14733994279372,
  "max_upper_ven_pressure_mmHg": 31.466843918458547,
  "mean_aao_arch.flow_ml_s": 58.74271733730657,
  "mean_aao_pressure_mmHg": 90.72321285689821,
  "mean_active_atrium_volume_ml": 26.213438421843396,
  "mean_aortic_arch_pressure_mmHg": 88.37350966257019,
  "mean_arch_bca.flow_ml_s": 10.037195926455658,
  "mean_arch_dao.flow_ml_s": 38.559856777827804,
  "mean_arch_lcca.flow_ml_s": 5.130582714284448,
  "mean_arch_lsa.flow_ml_s": 5.130582714284448,
  "mean_atrial_pressure_mmHg": 2.110528006765328,
  "mean_bca_pressure_mmHg": 87.57053586770589,
  "mean_cavity_pressure_mmHg": 40.78810755031149,
  "mean_dao_pressure_mmHg": 82.20394701714918,
  "mean_fenestration.flow_ml_s": 2.0173138195501723,
  "mean_ivc_conduit_junction.flow_ml_s": 36.38844975267809,
  "mean_ivc_conduit_pressure_mmHg": 10.122936911291438,
  "mean_ivc_conduit_rl.flux_ml_s": 36.38687986441217,
  "mean_ivc_pressure_mmHg": 12.197073498313335,
  "mean_lcca_pressure_mmHg": 87.7578411777453,
  "mean_left_lung.flow_ml_s": 28.25419441397217,
  "mean_left_lung_dist.flow_ml_s": 28.25419441397217,
  "mean_left_lung_pressure_mid_mmHg": 6.179122480379273,
  "mean_left_lung_prox.flow_ml_s": 28.20157369226494,
  "mean_lower_art_pressure_mmHg": 68.25443911110993,
  "mean_lower_ra4.flow_ml_s": 38.748723758294304,
  "mean_lower_rc2.flow_ml_s": 39.062206283139645,
  "mean_lower_rv2.flow_ml_s": 38.35079798609791,
  "mean_lower_ven_pressure_mmHg": 22.551764720797905,
  "mean_lpa_conduit_out.flow_ml_s": 28.184002854335624,
  "mean_lpa_conduit_pressure_mmHg": 8.942835092447796,
  "mean_lpa_conduit_rl.flux_ml_s": 28.182140125896872,
  "mean_lpa_pressure_mmHg": 8.886467218660549,
  "mean_lsa_pressure_mmHg": 87.7578411777453,
  "mean_right_lung.flow_ml_s": 28.25419441397217,
  "mean_right_lung_dist.flow_ml_s": 28.25419441397217,
  "mean_right_lung_pressure_mid_mmHg": 6.179122480379273,
  "mean_right_lung_prox.flow_ml_s": 28.20157369226494,
  "mean_rpa_conduit_out.flow_ml_s": 28.184002854335624,
  "mean_rpa_conduit_pressure_mmHg": 8.942835092447796,
  "mean_rpa_conduit_rl.flux_ml_s": 28.182140125896872,
  "mean_rpa_pressure_mmHg": 8.886467218660549,
  "mean_svc_conduit_junction.flow_ml_s": 19.974193179852232,
  "mean_svc_conduit_pressure_mmHg": 10.093668403251817,
  "mean_svc_conduit_rl.flux_ml_s": 19.97251578600595,
  "mean_svc_pressure_mmHg": 11.611537156819411,
  "mean_tcpc_pressure_mmHg": 10.013771817519618,
  "mean_upper_art_pressure_mmHg": 80.05135973575048,
  "mean_upper_bca_to_ca1.flow_ml_s": 10.106443184913475,
  "mean_upper_lcca_to_ca1.flow_ml_s": 5.165214127331062,
  "mean_upper_lsa_to_ca1.flow_ml_s": 5.165214127331062,
  "mean_upper_rc1.flow_ml_s": 20.73317507958757,
  "mean_upper_rv1.flow_ml_s": 19.670285539899414,
  "mean_upper_ven_pressure_mmHg": 31.395173781767202,
  "min_aao_pressure_mmHg": 81.01271384898685,
  "min_active_atrium_elastance": 16665250.0,
  "min_active_atrium_volume_ml": 11.768540819023181,
  "min_aortic_arch_pressure_mmHg": 80.7355269498266,
  "min_atrial_pressure_mmHg": 0.5829954151637715,
  "min_bca_pressure_mmHg": 80.78907314441467,
  "min_cavity_pressure_mmHg": 0.5166584555540397,
  "min_dao_pressure_mmHg": 77.97553046217526,
  "min_ivc_conduit_pressure_mmHg": 10.032600458845524,
  "min_ivc_pressure_mmHg": 12.18786495721295,
  "min_lcca_pressure_mmHg": 80.77077546644394,
  "min_left_lung_pressure_mid_mmHg": 5.852684422141518,
  "min_lower_art_pressure_mmHg": 67.72700505515645,
  "min_lower_ven_pressure_mmHg": 22.52490132896332,
  "min_lpa_conduit_pressure_mmHg": 8.79452234053936,
  "min_lpa_pressure_mmHg": 8.73532382940302,
  "min_lsa_pressure_mmHg": 80.77077546644394,
  "min_right_lung_pressure_mid_mmHg": 5.852684422141518,
  "min_rpa_conduit_pressure_mmHg": 8.79452234053936,
  "min_rpa_pressure_mmHg": 8.73532382940302,
  "min_svc_conduit_pressure_mmHg": 10.003596504113297,
  "min_svc_pressure_mmHg": 11.600733419778601,
  "min_tcpc_pressure_mmHg": 9.918730649019125,
  "min_upper_art_pressure_mmHg": 78.4395875655419,
  "min_upper_ven_pressure_mmHg": 31.33391497427731,
  "pass_atrium_balance": true,
  "pass_no_nan": true,
  "pass_tcpc_balance": true,
  "pass_ventricle_balance": true,
  "periodicity_cavity_volume": 0.005984041740489428,
  "periodicity_valve_arterial.flux": 0.0032070412622033644,
  "periodicity_valve_atrium.flux": 0.016059166587002835,
  "rpa_flow_fraction": 0.4999999999911297,
  "tcpc_cycle_balance_rel": 6.701453259843066e-05,
  "tcpc_junction_cycle_balance_rel": 1.2934432864163017e-05,
  "ventricle_cycle_balance_rel": 0.0018872105355729365
}
