{
  "CO_from_valve_arterial.flux_L_min": 2.519422855340908,
  "CO_from_valve_atrium.flux_L_min": 2.5037707136090734,
  "EDV_ml": 71.80808496931559,
  "ESV_ml": 35.871871284779886,
  "SV_from_volume_ml": 35.9362136845357,
  "atrium_cycle_balance_rel": 0.00017401563002272894,
  "integral_aao_arch.flow_ml": 35.89744042520866,
  "integral_arch_bca.flow_ml": 8.568327681182177,
  "integral_arch_dao.flow_ml": 18.57414839281941,
  "integral_arch_lcca.flow_ml": 4.3798479936723576,
  "integral_arch_lsa.flow_ml": 4.3798479936723576,
  "integral_fenestration.flow_ml": 0.6432737256947664,
  "integral_ivc_conduit_junction.flow_ml": 17.900370517025305,
  "integral_ivc_conduit_rl.flux_ml": 17.900711129613953,
  "integral_left_lung.flow_ml": 14.422377833996354,
  "integral_left_lung_dist.flow_ml": 14.422377833996354,
  "integral_left_lung_prox.flow_ml": 14.430026409164988,
  "integral_lower_ra4.flow_ml": 18.584794710335608,
  "integral_lower_rc2.flow_ml": 18.61751957558352,
  "integral_lower_rv2.flow_ml": 18.61883904702696,
  "integral_lpa_conduit_out.flow_ml": 14.433130053683016,
  "integral_lpa_conduit_rl.flux_ml": 14.433461499498087,
  "integral_right_lung.flow_ml": 20.83428489597985,
  "integral_right_lung_dist.flow_ml": 20.83428489597985,
  "integral_right_lung_prox.flow_ml": 20.84174711497929,
  "integral_rpa_conduit_out.flow_ml": 20.84482361688392,
  "integral_rpa_conduit_rl.flux_ml": 20.84515220050389,
  "integral_svc_conduit_junction.flow_ml": 17.378580699380894,
  "integral_svc_conduit_rl.flux_ml": 17.37891562981955,
  "integral_upper_bca_to_ca1.flow_ml": 8.57126536073168,
  "integral_upper_lcca_to_ca1.flow_ml": 4.381304211553793,
  "integral_upper_lsa_to_ca1.flow_ml": 4.381304211553793,
  "integral_upper_rc1.flow_ml": 17.35313345657028,
  "integral_upper_rv1.flow_ml": 17.41472864427176,
  "integral_valve_arterial.flux_ml": 35.89385164123829,
  "integral_valve_atrium.flux_ml": 35.88744432937581,
  "max_aao_pressure_mmHg": 53.2133464383186,
  "max_active_atrium_activation": 0.9999906897502774,
  "max_active_atrium_elastance": 66660534.52708243,
  "max_active_atrium_volume_ml": 87.95029683899197,
  "max_aortic_arch_pressure_mmHg": 51.64345582343655,
  "max_atrial_pressure_mmHg": 9.669968303207787,
  "max_bca_pressure_mmHg": 50.78298274692844,
  "max_cavity_pressure_mmHg": 53.135975022937366,
  "max_dao_pressure_mmHg": 46.04098701664173,
  "max_ivc_conduit_pressure_mmHg": 8.443276365258383,
  "max_ivc_pressure_mmHg": 8.922066030237891,
  "max_lcca_pressure_mmHg": 50.98841279234418,
  "max_left_lung_pressure_mid_mmHg": 7.3409504595641915,
  "max_lower_art_pressure_mmHg": 37.23729847414903,
  "max_lower_ven_pressure_mmHg": 14.1821251292298,
  "max_lpa_conduit_pressure_mmHg": 8.059856898153381,
  "max_lpa_pressure_mmHg": 8.040475877269023,
  "max_lsa_pressure_mmHg": 50.98841279234418,
  "max_right_lung_pressure_mid_mmHg": 7.553100930430095,
  "max_rpa_conduit_pressure_mmHg": 8.13905200065483,
  "max_rpa_pressure_mmHg": 8.12389584684204,
  "max_svc_conduit_pressure_mmHg": 8.452870779906137,
  "max_svc_pressure_mmHg": 9.126785888948486,
  "max_tcpc_pressure_mmHg": 8.41742816931007,
  "max_upper_art_pressure_mmHg": 44.106960614399,
  "max_upper_ven_pressure_mmHg": 19.330706962504433,
  "mean_aao_arch.flow_ml_s": 41.9915461698165,
  "mean_aao_pressure_mmHg": 47.84603122832852,
  "mean_active_atrium_volume_ml": 74.96395272023966,
  "mean_aortic_arch_pressure_mmHg": 47.17416806201681,
  "mean_arch_bca.flow_ml_s": 10.02514912874784,
  "mean_arch_dao.flow_ml_s": 21.708444840876766,
  "mean_arch_lcca.flow_ml_s": 5.1240768188219326,
  "mean_arch_lsa.flow_ml_s": 5.1240768188219326,
  "mean_atrial_pressure_mmHg": 5.1579933876697,
  "mean_bca_pressure_mmHg": 46.773163035365215,
  "mean_cavity_pressure_mmHg": 26.050319017264027,
  "mean_dao_pressure_mmHg": 44.0481593209335,
  "mean_fenestration.flow_ml_s": 0.7497861328016145,
  "mean_ivc_conduit_junction.flow_ml_s": 20.869310088476606,
  "mean_ivc_conduit_pressure_mmHg": 8.252646257804031,
  "mean_ivc_conduit_rl.flux_ml_s": 20.869741338708405,
  "mean_ivc_pressure_mmHg": 8.906915277830405,
  "mean_lcca_pressure_mmHg": 46.866724172418564,
  "mean_left_lung.flow_ml_s": 16.80658078510803,
  "mean_left_lung_dist.flow_ml_s": 16.80658078510803,
  "mean_left_lung_pressure_mid_mmHg": 6.731085667544949,
  "mean_left_lung_prox.flow_ml_s": 16.82142727764637,
  "mean_lower_art_pressure_mmHg": 37.02820649728626,
  "mean_lower_ra4.flow_ml_s": 21.666571768217523,
  "mean_lower_rc2.flow_ml_s": 21.698192855755835,
  "mean_lower_rv2.flow_ml_s": 21.700246734337863,
  "mean_lower_ven_pressure_mmHg": 14.18006289318187,
  "mean_lpa_conduit_out.flow_ml_s": 16.825317663392976,
  "mean_lpa_conduit_pressure_mmHg": 7.8026131348666,
  "mean_lpa_conduit_rl.flux_ml_s": 16.82573393897699,
  "mean_lpa_pressure_mmHg": 7.780740273094679,
  "mean_lsa_pressure_mmHg": 46.866724172418564,
  "mean_right_lung.flow_ml_s": 24.276850143594594,
  "mean_right_lung_dist.flow_ml_s": 24.276850143594594,
  "mean_right_lung_pressure_mid_mmHg": 6.731129595260959,
  "mean_right_lung_prox.flow_ml_s": 24.297390422465842,
  "mean_rpa_conduit_out.flow_ml_s": 24.302220700666147,
  "mean_rpa_conduit_pressure_mmHg": 7.802646352401256,
  "mean_rpa_conduit_rl.flux_ml_s": 24.302732492132684,
  "mean_rpa_pressure_mmHg": 7.780774404959007,
  "mean_svc_conduit_junction.flow_ml_s": 20.25958611563736,
  "mean_svc_conduit_pressure_mmHg": 8.262782961888856,
  "mean_svc_conduit_rl.flux_ml_s": 20.26000985721289,
  "mean_svc_pressure_mmHg": 9.109639373875005,
  "mean_tcpc_pressure_mmHg": 8.218211976746847,
  "mean_upper_art_pressure_mmHg": 43.047514082191476,
  "mean_upper_bca_to_ca1.flow_ml_s": 10.015208797187986,
  "mean_upper_lcca_to_ca1.flow_ml_s": 5.119596553048964,
  "mean_upper_lsa_to_ca1.flow_ml_s": 5.119596553048964,
  "mean_upper_rc1.flow_ml_s": 20.224310777093045,
  "mean_upper_rv1.flow_ml_s": 20.296794295009168,
  "mean_upper_ven_pressure_mmHg": 19.316517209208854,
  "min_aao_pressure_mmHg": 43.15068401353713,
  "min_active_atrium_elastance": 16665250.0,
  "min_active_atrium_volume_ml": 58.27851830499983,
  "min_aortic_arch_pressure_mmHg": 43.06971306343479,
  "min_atrial_pressure_mmHg": 2.7089122481014756,
  "min_bca_pressure_mmHg": 43.02347224730474,
  "min_cavity_pressure_mmHg": 3.853316454518196,
  "min_dao_pressure_mmHg": 41.84527816943997,
  "min_ivc_conduit_pressure_mmHg": 8.16945845647208,
  "min_ivc_pressure_mmHg": 8.897653057726908,
  "min_lcca_pressure_mmHg": 43.03093541241371,
  "min_left_lung_pressure_mid_mmHg": 6.498847001394262,
  "min_lower_art_pressure_mmHg": 36.75665525171062,
  "min_lower_ven_pressure_mmHg": 14.17781771247483,
  "min_lpa_conduit_pressure_mmHg": 7.676319906323158,
  "min_lpa_pressure_mmHg": 7.652502971458185,
  "min_lsa_pressure_mmHg": 43.03093541241371,
  "min_right_lung_pressure_mid_mmHg": 6.40652041117761,
  "min_rpa_conduit_pressure_mmHg": 7.657103472180098,
  "min_rpa_pressure_mmHg": 7.6319766945286,
  "min_svc_conduit_pressure_mmHg": 8.179635962307941,
  "min_svc_pressure_mmHg": 9.099292143670109,
  "min_tcpc_pressure_mmHg": 8.130498546856634,
  "min_upper_art_pressure_mmHg": 41.65311967734027,
  "min_upper_ven_pressure_mmHg": 19.296019795037193,
  "pass_atrium_balance": true,
  "pass_no_nan": true,
  "pass_tcpc_balance": true,
  "pass_ventricle_balance": true,
  "periodicity_cavity_volume": 0.006276266429651611,
  "periodicity_valve_arterial.flux": 0.0039170853251956055,
  "periodicity_valve_atrium.flux": 0.0010901384452005796,
  "rpa_flow_fraction": 0.5908989856128292,
  "tcpc_cycle_balance_rel": 2.3712390027357073e-05,
  "tcpc_junction_cycle_balance_rel": 4.783560836099821e-06,
  "ventricle_cycle_balance_rel": 8.926157957668052e-05
}
