{
  "CO_from_valve_arterial.flux_L_min": 3.0421857770008676,
  "CO_from_valve_atrium.flux_L_min": 3.0435711543566244,
  "EDV_ml": 113.3762402412,
  "ESV_ml": 62.462687771725776,
  "SV_from_volume_ml": 50.91355246947422,
  "atrium_cycle_balance_rel": 6.254664895312386e-05,
  "integral_aao_arch.flow_ml": 51.08342601605752,
  "integral_arch_bca.flow_ml": 8.639254661952167,
  "integral_arch_dao.flow_ml": 33.96027964439333,
  "integral_arch_lcca.flow_ml": 4.4158523898385384,
  "integral_arch_lsa.flow_ml": 4.4158523898385384,
  "integral_fenestration.flow_ml": 1.1510767054114844e-05,
  "integral_ivc_conduit_junction.flow_ml": 33.60785326813279,
  "integral_ivc_conduit_rl.flux_ml": 33.61542774430192,
  "integral_left_lung.flow_ml": 16.898086505030488,
  "integral_left_lung_dist.flow_ml": 16.898086505030488,
  "integral_left_lung_prox.flow_ml": 16.99167107223565,
  "integral_lower_ra4.flow_ml": 34.564445929253324,
  "integral_lower_rc2.flow_ml": 35.99159459814956,
  "integral_lower_rv2.flow_ml": 35.406814253194405,
  "integral_lpa_conduit_out.flow_ml": 17.05181346137709,
  "integral_lpa_conduit_rl.flux_ml": 17.058281701369868,
  "integral_right_lung.flow_ml": 33.85040115872069,
  "integral_right_lung_dist.flow_ml": 33.85040115872069,
  "integral_right_lung_prox.flow_ml": 33.94515821829643,
  "integral_rpa_conduit_out.flow_ml": 34.005244658968984,
  "integral_rpa_conduit_rl.flux_ml": 34.0117071923812,
  "integral_svc_conduit_junction.flow_ml": 17.46960509078123,
  "integral_svc_conduit_rl.flux_ml": 17.477093355264493,
  "integral_upper_bca_to_ca1.flow_ml": 8.848119473605681,
  "integral_upper_lcca_to_ca1.flow_ml": 4.520267409207893,
  "integral_upper_lsa_to_ca1.flow_ml": 4.520267409207893,
  "integral_upper_rc1.flow_ml": 18.888874126781488,
  "integral_upper_rv1.flow_ml": 18.457067942099634,
  "integral_valve_arterial.flux_ml": 50.80460489728491,
  "integral_valve_atrium.flux_ml": 50.75484786873338,
  "max_aao_pressure_mmHg": 100.50972288713659,
  "max_active_atrium_activation": 1.0,
  "max_active_atrium_elastance": 66661000.0,
  "max_active_atrium_volume_ml": 38.30540157553064,
  "max_aortic_arch_pressure_mmHg": 91.10144743808581,
  "max_atrial_pressure_mmHg": 3.5381669163376257,
  "max_bca_pressure_mmHg": 89.09080042795422,
  "max_cavity_pressure_mmHg": 100.09862802122367,
  "max_dao_pressure_mmHg": 80.4910388327097,
  "max_ivc_conduit_pressure_mmHg": 11.280179636623979,
  "max_ivc_pressure_mmHg": 13.150432151517638,
  "max_lcca_pressure_mmHg": 89.61254470516516,
  "max_left_lung_pressure_mid_mmHg": 6.704456872496368,
  "max_lower_art_pressure_mmHg": 65.05879856276093,
  "max_lower_ven_pressure_mmHg": 22.702094182626656,
  "max_lpa_conduit_pressure_mmHg": 9.903036510638959,
  "max_lpa_pressure_mmHg": 9.835798310881065,
  "max_lsa_pressure_mmHg": 89.61254470516516,
  "max_right_lung_pressure_mid_mmHg": 6.906522627069836,
  "max_rpa_conduit_pressure_mmHg": 9.965167512927033,
  "max_rpa_pressure_mmHg": 9.901236230456055,
  "max_svc_conduit_pressure_mmHg": 11.249119655096509,
  "max_svc_pressure_mmHg": 12.52747133280976,
  "max_tcpc_pressure_mmHg": 11.182881214659751,
  "max_upper_art_pressure_mmHg": 76.31690807258603,
  "max_upper_ven_pressure_mmHg": 31.091774493923026,
  "mean_aao_arch.flow_ml_s": 50.99332443022638,
  "mean_aao_pressure_mmHg": 84.6912550360671,
  "mean_active_atrium_volume_ml": 22.45562954395235,
  "mean_aortic_arch_pressure_mmHg": 82.65152683256751,
  "mean_arch_bca.flow_ml_s": 8.619642688273473,
  "mean_arch_dao.flow_ml_s": 33.92382539533401,
  "mean_arch_lcca.flow_ml_s": 4.405800558275459,
  "mean_arch_lsa.flow_ml_s": 4.405800558275459,
  "mean_atrial_pressure_mmHg": 1.6031157303413848,
  "mean_bca_pressure_mmHg": 81.96195703135099,
  "mean_cavity_pressure_mmHg": 37.734910421346996,
  "mean_dao_pressure_mmHg": 77.2237274723483,
  "mean_fenestration.flow_ml_s": 1.151297727225772e-05,
  "mean_ivc_conduit_junction.flow_ml_s": 33.60843212760097,
  "mean_ivc_conduit_pressure_mmHg": 11.199819597827775,
  "mean_ivc_conduit_rl.flux_ml_s": 33.61590483899724,
  "mean_ivc_pressure_mmHg": 13.116066058087616,
  "mean_lcca_pressure_mmHg": 82.12283200291358,
  "mean_left_lung.flow_ml_s": 16.90503697771167,
  "mean_left_lung_dist.flow_ml_s": 16.90503697771167,
  "mean_left_lung_pressure_mid_mmHg": 6.471754985527111,
  "mean_left_lung_prox.flow_ml_s": 16.992756450971317,
  "mean_lower_art_pressure_mmHg": 64.78590312298843,
  "mean_lower_ra4.flow_ml_s": 34.549592940040476,
  "mean_lower_rc2.flow_ml_s": 35.991558514804346,
  "mean_lower_rv2.flow_ml_s": 35.40679455141711,
  "mean_lower_ven_pressure_mmHg": 22.675878213515897,
  "mean_lpa_conduit_out.flow_ml_s": 17.051486673837317,
  "mean_lpa_conduit_pressure_mmHg": 9.802562375502326,
  "mean_lpa_conduit_rl.flux_ml_s": 17.05780639581316,
  "mean_lpa_pressure_mmHg": 9.734356588433446,
  "mean_lsa_pressure_mmHg": 82.12283200291358,
  "mean_right_lung.flow_ml_s": 33.862484606550574,
  "mean_right_lung_dist.flow_ml_s": 33.862484606550574,
  "mean_right_lung_pressure_mid_mmHg": 6.479302101626422,
  "mean_right_lung_prox.flow_ml_s": 33.948906165905704,
  "mean_rpa_conduit_out.flow_ml_s": 34.0071131354272,
  "mean_rpa_conduit_pressure_mmHg": 9.806403533190894,
  "mean_rpa_conduit_rl.flux_ml_s": 34.01337991724836,
  "mean_rpa_pressure_mmHg": 9.738389466097816,
  "mean_svc_conduit_junction.flow_ml_s": 17.470116660817666,
  "mean_svc_conduit_pressure_mmHg": 11.168874840510288,
  "mean_svc_conduit_rl.flux_ml_s": 17.477503090370778,
  "mean_svc_pressure_mmHg": 12.497185951324763,
  "mean_tcpc_pressure_mmHg": 11.098994537412462,
  "mean_upper_art_pressure_mmHg": 75.38744623946278,
  "mean_upper_bca_to_ca1.flow_ml_s": 8.836728734739653,
  "mean_upper_lcca_to_ca1.flow_ml_s": 4.514344186806383,
  "mean_upper_lsa_to_ca1.flow_ml_s": 4.514344186806383,
  "mean_upper_rc1.flow_ml_s": 18.888370050813634,
  "mean_upper_rv1.flow_ml_s": 18.457064740691152,
  "mean_upper_ven_pressure_mmHg": 31.060610526545094,
  "min_aao_pressure_mmHg": 76.40003649266002,
  "min_active_atrium_elastance": 16665250.0,
  "min_active_atrium_volume_ml": 10.952322428218423,
  "min_aortic_arch_pressure_mmHg": 76.14939189569127,
  "min_atrial_pressure_mmHg": 0.3643252480865687,
  "min_bca_pressure_mmHg": 76.1997828846202,
  "min_cavity_pressure_mmHg": 0.3058039042307961,
  "min_dao_pressure_mmHg": 73.66992839781393,
  "min_ivc_conduit_pressure_mmHg": 11.132309430862097,
  "min_ivc_pressure_mmHg": 13.090719790725661,
  "min_lcca_pressure_mmHg": 76.18148878622635,
  "min_left_lung_pressure_mid_mmHg": 6.30301667775879,
  "min_lower_art_pressure_mmHg": 64.41921767488803,
  "min_lower_ven_pressure_mmHg": 22.65336260200047,
  "min_lpa_conduit_pressure_mmHg": 9.718684066646098,
  "min_lpa_pressure_mmHg": 9.649602943782163,
  "min_lsa_pressure_mmHg": 76.18148878622635,
  "min_right_lung_pressure_mid_mmHg": 6.1751260375314905,
  "min_rpa_conduit_pressure_mmHg": 9.680112029940217,
  "min_rpa_pressure_mmHg": 9.60909249854927,
  "min_svc_conduit_pressure_mmHg": 11.101542484506824,
  "min_svc_pressure_mmHg": 12.478472717018755,
  "min_tcpc_pressure_mmHg": 11.028842375264169,
  "min_upper_art_pressure_mmHg": 74.09825317264932,
  "min_upper_ven_pressure_mmHg": 31.037798847531782,
  "pass_atrium_balance": true,
  "pass_no_nan": true,
  "pass_tcpc_balance": true,
  "pass_ventricle_balance": true,
  "periodicity_cavity_volume": 0.008615524148397828,
  "periodicity_valve_arterial.flux": 0.023525384140810738,
  "periodicity_valve_atrium.flux": 0.04188511029424933,
  "rpa_flow_fraction": 0.6660408483937825,
  "tcpc_cycle_balance_rel": 0.0003471671590896987,
  "tcpc_junction_cycle_balance_rel": 7.312434489329959e-05,
  "ventricle_cycle_balance_rel": 0.000489930057674464
}
