{
  "CO_from_valve_arterial.flux_L_min": 2.463570143487879,
  "CO_from_valve_atrium.flux_L_min": 2.448761437620981,
  "EDV_ml": 69.86864971187438,
  "ESV_ml": 34.720555016701205,
  "SV_from_volume_ml": 35.14809469517318,
  "atrium_cycle_balance_rel": 0.0001735889665128393,
  "integral_aao_arch.flow_ml": 35.10991890138471,
  "integral_arch_bca.flow_ml": 8.383125783689227,
  "integral_arch_dao.flow_ml": 18.161775155462568,
  "integral_arch_lcca.flow_ml": 4.2851787497551594,
  "integral_arch_lsa.flow_ml": 4.2851787497551594,
  "integral_fenestration.flow_ml": 3.8855032104099935e-06,
  "integral_ivc_conduit_junction.flow_ml": 18.12822735874739,
  "integral_ivc_conduit_rl.flux_ml": 18.12860158832799,
  "integral_left_lung.flow_ml": 9.02619155258421,
  "integral_left_lung_dist.flow_ml": 9.02619155258421,
  "integral_left_lung_prox.flow_ml": 9.034788858889069,
  "integral_lower_ra4.flow_ml": 18.17361976186037,
  "integral_lower_rc2.flow_ml": 18.209770155872157,
  "integral_lower_rv2.flow_ml": 18.210847011062672,
  "integral_lpa_conduit_out.flow_ml": 9.038255472802202,
  "integral_lpa_conduit_rl.flux_ml": 9.038625294445302,
  "integral_right_lung.flow_ml": 26.084970047396517,
  "integral_right_lung_dist.flow_ml": 26.084970047396517,
  "integral_right_lung_prox.flow_ml": 26.092767095204678,
  "integral_rpa_conduit_out.flow_ml": 26.09610040474345,
  "integral_rpa_conduit_rl.flux_ml": 26.096456775373863,
  "integral_svc_conduit_junction.flow_ml": 17.00722552109176,
  "integral_svc_conduit_rl.flux_ml": 17.007593642435726,
  "integral_upper_bca_to_ca1.flow_ml": 8.386414533912253,
  "integral_upper_lcca_to_ca1.flow_ml": 4.286810339112088,
  "integral_upper_lsa_to_ca1.flow_ml": 4.286810339112088,
  "integral_upper_rc1.flow_ml": 16.981356792563787,
  "integral_upper_rv1.flow_ml": 17.047182026894166,
  "integral_valve_arterial.flux_ml": 35.10578837957431,
  "integral_valve_atrium.flux_ml": 35.09897777927572,
  "max_aao_pressure_mmHg": 52.48844777720086,
  "max_active_atrium_activation": 0.9999906897502774,
  "max_active_atrium_elastance": 66660534.52708243,
  "max_active_atrium_volume_ml": 83.89996006838923,
  "max_aortic_arch_pressure_mmHg": 50.928605815363,
  "max_atrial_pressure_mmHg": 8.442425079432441,
  "max_bca_pressure_mmHg": 50.08324581714438,
  "max_cavity_pressure_mmHg": 52.37746810937831,
  "max_dao_pressure_mmHg": 45.43987859249556,
  "max_ivc_conduit_pressure_mmHg": 8.589710811406631,
  "max_ivc_pressure_mmHg": 9.12979340055095,
  "max_lcca_pressure_mmHg": 50.28437379995187,
  "max_left_lung_pressure_mid_mmHg": 6.8480842992400515,
  "max_lower_art_pressure_mmHg": 36.82867514297845,
  "max_lower_ven_pressure_mmHg": 14.278161873245242,
  "max_lpa_conduit_pressure_mmHg": 8.021866236971912,
  "max_lpa_pressure_mmHg": 7.994416044591435,
  "max_lsa_pressure_mmHg": 50.28437379995187,
  "max_right_lung_pressure_mid_mmHg": 7.265881184969375,
  "max_rpa_conduit_pressure_mmHg": 8.17768630720872,
  "max_rpa_pressure_mmHg": 8.156729501417503,
  "max_svc_conduit_pressure_mmHg": 8.598143514796918,
  "max_svc_pressure_mmHg": 9.306038766486793,
  "max_tcpc_pressure_mmHg": 8.560849666221877,
  "max_upper_art_pressure_mmHg": 43.54518494762075,
  "max_upper_ven_pressure_mmHg": 19.298754076234236,
  "mean_aao_arch.flow_ml_s": 41.06662555532638,
  "mean_aao_pressure_mmHg": 47.202257771122426,
  "mean_active_atrium_volume_ml": 71.1914200341922,
  "mean_aortic_arch_pressure_mmHg": 46.54519330000821,
  "mean_arch_bca.flow_ml_s": 9.807947940307665,
  "mean_arch_dao.flow_ml_s": 21.226945430776613,
  "mean_arch_lcca.flow_ml_s": 5.013007268719679,
  "mean_arch_lsa.flow_ml_s": 5.013007268719679,
  "mean_atrial_pressure_mmHg": 4.589652918043524,
  "mean_bca_pressure_mmHg": 46.15287630056107,
  "mean_cavity_pressure_mmHg": 25.30944833465074,
  "mean_dao_pressure_mmHg": 43.488520311708314,
  "mean_fenestration.flow_ml_s": 4.528797611453948e-06,
  "mean_ivc_conduit_junction.flow_ml_s": 21.133276223546737,
  "mean_ivc_conduit_pressure_mmHg": 8.455893213541156,
  "mean_ivc_conduit_rl.flux_ml_s": 21.133742450797367,
  "mean_ivc_pressure_mmHg": 9.118439930480696,
  "mean_lcca_pressure_mmHg": 46.24441356781953,
  "mean_left_lung.flow_ml_s": 10.519829290031632,
  "mean_left_lung_dist.flow_ml_s": 10.519829290031632,
  "mean_left_lung_pressure_mid_mmHg": 6.558960352238313,
  "mean_left_lung_prox.flow_ml_s": 10.530949218984889,
  "mean_lower_art_pressure_mmHg": 36.62377855454487,
  "mean_lower_ra4.flow_ml_s": 21.187524145580433,
  "mean_lower_rc2.flow_ml_s": 21.222973394493867,
  "mean_lower_rv2.flow_ml_s": 21.224740790975662,
  "mean_lower_ven_pressure_mmHg": 14.27603987201893,
  "mean_lpa_conduit_out.flow_ml_s": 10.534243272146854,
  "mean_lpa_conduit_pressure_mmHg": 7.900608707327716,
  "mean_lpa_conduit_rl.flux_ml_s": 10.534599853528158,
  "mean_lpa_pressure_mmHg": 7.873219738920332,
  "mean_lsa_pressure_mmHg": 46.24441356781953,
  "mean_right_lung.flow_ml_s": 30.396717717039436,
  "mean_right_lung_dist.flow_ml_s": 30.396717717039436,
  "mean_right_lung_pressure_mid_mmHg": 6.559355616283484,
  "mean_right_lung_prox.flow_ml_s": 30.417961804665357,
  "mean_rpa_conduit_out.flow_ml_s": 30.423185889851716,
  "mean_rpa_conduit_pressure_mmHg": 7.900789294100826,
  "mean_rpa_conduit_rl.flux_ml_s": 30.423739505112483,
  "mean_rpa_pressure_mmHg": 7.8734084908810456,
  "mean_svc_conduit_junction.flow_ml_s": 19.825527262843956,
  "mean_svc_conduit_pressure_mmHg": 8.464639447281176,
  "mean_svc_conduit_rl.flux_ml_s": 19.825985726686042,
  "mean_svc_pressure_mmHg": 9.293354296167047,
  "mean_tcpc_pressure_mmHg": 8.421023389380439,
  "mean_upper_art_pressure_mmHg": 42.507438985429225,
  "mean_upper_bca_to_ca1.flow_ml_s": 9.799585609643776,
  "mean_upper_lcca_to_ca1.flow_ml_s": 5.009361029861408,
  "mean_upper_lsa_to_ca1.flow_ml_s": 5.009361029861408,
  "mean_upper_rc1.flow_ml_s": 19.79105970698787,
  "mean_upper_rv1.flow_ml_s": 19.86842738438113,
  "mean_upper_ven_pressure_mmHg": 19.284814432433276,
  "min_aao_pressure_mmHg": 42.5976401941435,
  "min_active_atrium_elastance": 16665250.0,
  "min_active_atrium_volume_ml": 56.46072635533949,
  "min_aortic_arch_pressure_mmHg": 42.51715387287849,
  "min_atrial_pressure_mmHg": 2.4120544930658343,
  "min_bca_pressure_mmHg": 42.47154540718753,
  "min_cavity_pressure_mmHg": 3.3769919597226,
  "min_dao_pressure_mmHg": 41.32287096278161,
  "min_ivc_conduit_pressure_mmHg": 8.392968001500574,
  "min_ivc_pressure_mmHg": 9.110821966473052,
  "min_lcca_pressure_mmHg": 42.479717324612764,
  "min_left_lung_pressure_mid_mmHg": 6.440355041155805,
  "min_lower_art_pressure_mmHg": 36.35625388883787,
  "min_lower_ven_pressure_mmHg": 14.27376005916824,
  "min_lpa_conduit_pressure_mmHg": 7.825920339474064,
  "min_lpa_pressure_mmHg": 7.797864306912189,
  "min_lsa_pressure_mmHg": 42.479717324612764,
  "min_right_lung_pressure_mid_mmHg": 6.239209846640693,
  "min_rpa_conduit_pressure_mmHg": 7.770108950120495,
  "min_rpa_pressure_mmHg": 7.7391233208872325,
  "min_svc_conduit_pressure_mmHg": 8.401715895873625,
  "min_svc_pressure_mmHg": 9.28484175430069,
  "min_tcpc_pressure_mmHg": 8.354706938079994,
  "min_upper_art_pressure_mmHg": 41.13372666681532,
  "min_upper_ven_pressure_mmHg": 19.264217304428673,
  "pass_atrium_balance": true,
  "pass_no_nan": true,
  "pass_tcpc_balance": true,
  "pass_ventricle_balance": true,
  "periodicity_cavity_volume": 0.006083648267067551,
  "periodicity_valve_arterial.flux": 0.005346256349544412,
  "periodicity_valve_atrium.flux": 0.0011688368937443252,
  "rpa_flow_fraction": 0.7428001833019438,
  "tcpc_cycle_balance_rel": 2.617530656914739e-05,
  "tcpc_junction_cycle_balance_rel": 5.276891946888934e-06,
  "ventricle_cycle_balance_rel": 9.701051183733667e-05
}
