{
  "CO_from_valve_arterial.flux_L_min": 0.21028502332302884,
  "CO_from_valve_atrium.flux_L_min": -0.001531561540319696,
  "EDV_ml": 42.026153461628276,
  "ESV_ml": 41.10512780572288,
  "SV_from_volume_ml": 0.921025655905396,
  "atrium_cycle_balance_rel": 0.9999999999295692,
  "integral_aao_arch.flow_ml": 5.986703973178454,
  "integral_arch_bca.flow_ml": 2.29531571008227,
  "integral_arch_dao.flow_ml": 5.2569746787693115,
  "integral_arch_lcca.flow_ml": 1.1796705903086273,
  "integral_arch_lsa.flow_ml": 1.1796705903086273,
  "integral_fenestration.flow_ml": 1.3801335874685919e-06,
  "integral_ivc_conduit_junction.flow_ml": 7.524692489099054,
  "integral_ivc_conduit_rl.flux_ml": 7.379060260583455,
  "integral_left_lung.flow_ml": 5.811093594790123,
  "integral_left_lung_dist.flow_ml": 5.811093594790123,
  "integral_left_lung_prox.flow_ml": 6.703274272341518,
  "integral_lower_ra4.flow_ml": 8.098817103637884,
  "integral_lower_rc2.flow_ml": 8.919939972266388,
  "integral_lower_rv2.flow_ml": 8.876751381115456,
  "integral_lpa_conduit_out.flow_ml": 5.645776819687933,
  "integral_lpa_conduit_rl.flux_ml": 5.458411808051094,
  "integral_right_lung.flow_ml": 8.380896864600691,
  "integral_right_lung_dist.flow_ml": 8.380896864600691,
  "integral_right_lung_prox.flow_ml": 9.448538708496471,
  "integral_rpa_conduit_out.flow_ml": 8.423367045978107,
  "integral_rpa_conduit_rl.flux_ml": 8.239331829203378,
  "integral_svc_conduit_junction.flow_ml": 6.004278209452921,
  "integral_svc_conduit_rl.flux_ml": 5.859211927126494,
  "integral_upper_bca_to_ca1.flow_ml": 2.310327672042636,
  "integral_upper_lcca_to_ca1.flow_ml": 1.1802604383172035,
  "integral_upper_lsa_to_ca1.flow_ml": 1.1802604383172035,
  "integral_upper_rc1.flow_ml": 8.294247933565973,
  "integral_upper_rv1.flow_ml": 8.42504430298078,
  "integral_valve_arterial.flux_ml": 0.870117396679696,
  "integral_valve_atrium.flux_ml": -0.006360477950449776,
  "max_aao_pressure_mmHg": 74.4994956159,
  "max_active_atrium_activation": 0.0,
  "max_active_atrium_elastance": 16665250.0,
  "max_active_atrium_volume_ml": 54.2583574179084,
  "max_aortic_arch_pressure_mmHg": 70.49950497734,
  "max_atrial_pressure_mmHg": 1.78229050602738,
  "max_bca_pressure_mmHg": 67.85341497586376,
  "max_cavity_pressure_mmHg": 65.73735522421002,
  "max_dao_pressure_mmHg": 64.51324079836579,
  "max_ivc_conduit_pressure_mmHg": 6.45972269709204,
  "max_ivc_pressure_mmHg": 6.549577634888846,
  "max_lcca_pressure_mmHg": 68.1463516534712,
  "max_left_lung_pressure_mid_mmHg": 3.322707364985851,
  "max_lower_art_pressure_mmHg": 53.00451884470001,
  "max_lower_ven_pressure_mmHg": 15.204993085539515,
  "max_lpa_conduit_pressure_mmHg": 5.9981333047,
  "max_lpa_pressure_mmHg": 5.545796140227744,
  "max_lsa_pressure_mmHg": 68.1463516534712,
  "max_right_lung_pressure_mid_mmHg": 3.3665725539113764,
  "max_rpa_conduit_pressure_mmHg": 5.9981333047,
  "max_rpa_pressure_mmHg": 5.541839257124915,
  "max_svc_conduit_pressure_mmHg": 6.454693614364024,
  "max_svc_pressure_mmHg": 6.627946078924149,
  "max_tcpc_pressure_mmHg": 6.49965476038,
  "max_upper_art_pressure_mmHg": 63.5053868447,
  "max_upper_ven_pressure_mmHg": 23.6020884447,
  "mean_aao_arch.flow_ml_s": 24.48353983815135,
  "mean_aao_pressure_mmHg": 66.89931395289068,
  "mean_active_atrium_volume_ml": 47.979850728522734,
  "mean_aortic_arch_pressure_mmHg": 66.507578232285,
  "mean_arch_bca.flow_ml_s": 9.488769765852345,
  "mean_arch_dao.flow_ml_s": 21.14568775155346,
  "mean_arch_lcca.flow_ml_s": 4.9225342894214155,
  "mean_arch_lsa.flow_ml_s": 4.9225342894214155,
  "mean_atrial_pressure_mmHg": 0.9974790065999106,
  "mean_bca_pressure_mmHg": 66.12802832993641,
  "mean_cavity_pressure_mmHg": 39.35375468152373,
  "mean_dao_pressure_mmHg": 63.46260632240844,
  "mean_fenestration.flow_ml_s": 5.543053285115263e-06,
  "mean_ivc_conduit_junction.flow_ml_s": 30.05835093916264,
  "mean_ivc_conduit_pressure_mmHg": 5.530641219815365,
  "mean_ivc_conduit_rl.flux_ml_s": 29.583909789385796,
  "mean_ivc_pressure_mmHg": 6.540519318974986,
  "mean_lcca_pressure_mmHg": 66.21222686614988,
  "mean_left_lung.flow_ml_s": 23.34336134066669,
  "mean_left_lung_dist.flow_ml_s": 23.34336134066669,
  "mean_left_lung_pressure_mid_mmHg": 3.1824125145433606,
  "mean_left_lung_prox.flow_ml_s": 26.937198260162305,
  "mean_lower_art_pressure_mmHg": 52.92482764035825,
  "mean_lower_ra4.flow_ml_s": 32.52408439599884,
  "mean_lower_rc2.flow_ml_s": 35.822887126741506,
  "mean_lower_rv2.flow_ml_s": 35.64986309941699,
  "mean_lower_ven_pressure_mmHg": 15.203415777789509,
  "mean_lpa_conduit_out.flow_ml_s": 23.39990992520071,
  "mean_lpa_conduit_pressure_mmHg": 4.893709563819714,
  "mean_lpa_conduit_rl.flux_ml_s": 21.88385104501295,
  "mean_lpa_pressure_mmHg": 4.863289752110431,
  "mean_lsa_pressure_mmHg": 66.21222686614988,
  "mean_right_lung.flow_ml_s": 33.667922492047076,
  "mean_right_lung_dist.flow_ml_s": 33.667922492047076,
  "mean_right_lung_pressure_mid_mmHg": 3.1791552781647323,
  "mean_right_lung_prox.flow_ml_s": 37.97237898972725,
  "mean_rpa_conduit_out.flow_ml_s": 34.87165132018627,
  "mean_rpa_conduit_pressure_mmHg": 4.850942624115727,
  "mean_rpa_conduit_rl.flux_ml_s": 33.028133903261896,
  "mean_rpa_pressure_mmHg": 4.819558211378555,
  "mean_svc_conduit_junction.flow_ml_s": 23.99001417823406,
  "mean_svc_conduit_pressure_mmHg": 5.533822964511416,
  "mean_svc_conduit_rl.flux_ml_s": 23.49087515530729,
  "mean_svc_pressure_mmHg": 6.581874228994187,
  "mean_tcpc_pressure_mmHg": 5.481045056838894,
  "mean_upper_art_pressure_mmHg": 62.68274393958079,
  "mean_upper_bca_to_ca1.flow_ml_s": 9.261538853710368,
  "mean_upper_lcca_to_ca1.flow_ml_s": 4.731221430092582,
  "mean_upper_lsa_to_ca1.flow_ml_s": 4.731221430092582,
  "mean_upper_rc1.flow_ml_s": 33.30995907565757,
  "mean_upper_rv1.flow_ml_s": 33.83563752073074,
  "mean_upper_ven_pressure_mmHg": 23.597182835617733,
  "min_aao_pressure_mmHg": 64.90591823744212,
  "min_active_atrium_elastance": 16665250.0,
  "min_active_atrium_volume_ml": 40.060005100433536,
  "min_aortic_arch_pressure_mmHg": 64.6121273615198,
  "min_atrial_pressure_mmHg": 0.00750062,
  "min_bca_pressure_mmHg": 64.46198920243263,
  "min_cavity_pressure_mmHg": 0.49901873813242426,
  "min_dao_pressure_mmHg": 62.131322541221586,
  "min_ivc_conduit_pressure_mmHg": 5.410803021068253,
  "min_ivc_pressure_mmHg": 6.49965476038,
  "min_lcca_pressure_mmHg": 64.49656978635956,
  "min_left_lung_pressure_mid_mmHg": 3.0996627176039997,
  "min_lower_art_pressure_mmHg": 52.75818256062837,
  "min_lower_ven_pressure_mmHg": 15.2013940447,
  "min_lpa_conduit_pressure_mmHg": 4.766515290677471,
  "min_lpa_pressure_mmHg": 4.734144778041182,
  "min_lsa_pressure_mmHg": 64.49656978635956,
  "min_right_lung_pressure_mid_mmHg": 3.0996627176039997,
  "min_rpa_conduit_pressure_mmHg": 4.754449065265768,
  "min_rpa_pressure_mmHg": 4.721128150574399,
  "min_svc_conduit_pressure_mmHg": 5.413740550737932,
  "min_svc_pressure_mmHg": 6.49965476038,
  "min_tcpc_pressure_mmHg": 5.358269654337793,
  "min_upper_art_pressure_mmHg": 61.693691392285025,
  "min_upper_ven_pressure_mmHg": 23.585738936786967,
  "pass_atrium_balance": false,
  "pass_no_nan": true,
  "pass_tcpc_balance": false,
  "pass_ventricle_balance": false,
  "periodicity_cavity_volume": NaN,
  "periodicity_valve_arterial.flux": NaN,
  "periodicity_valve_atrium.flux": NaN,
  "rpa_flow_fraction": 0.5984334480543615,
  "tcpc_cycle_balance_rel": 0.030426594603517754,
  "tcpc_junction_cycle_balance_rel": 0.006198799334164981,
  "ventricle_cycle_balance_rel": 0.9999999988590699
}
