{
  "CO_from_valve_arterial.flux_L_min": 20.003978360963604,
  "CO_from_valve_atrium.flux_L_min": -0.002657317972325584,
  "EDV_ml": 178.1651009224,
  "ESV_ml": 94.8770706875712,
  "SV_from_volume_ml": 83.2880302348288,
  "atrium_cycle_balance_rel": 0.9999999999004718,
  "integral_aao_arch.flow_ml": 64.55144269735447,
  "integral_arch_bca.flow_ml": 13.801648126219108,
  "integral_arch_dao.flow_ml": 18.636717842443183,
  "integral_arch_lcca.flow_ml": 7.368732508336636,
  "integral_arch_lsa.flow_ml": 7.368732508336636,
  "integral_fenestration.flow_ml": 1.5944128033682466e-06,
  "integral_ivc_conduit_junction.flow_ml": 4.048586778052973,
  "integral_ivc_conduit_rl.flux_ml": 3.902717260825808,
  "integral_left_lung.flow_ml": 5.018188356629323,
  "integral_left_lung_dist.flow_ml": 5.018188356629323,
  "integral_left_lung_prox.flow_ml": 4.919639182254221,
  "integral_lower_ra4.flow_ml": 8.915507367041197,
  "integral_lower_rc2.flow_ml": 8.046649954658436,
  "integral_lower_rv2.flow_ml": 7.956128110756212,
  "integral_lpa_conduit_out.flow_ml": 3.806753374649846,
  "integral_lpa_conduit_rl.flux_ml": 3.613737346003084,
  "integral_right_lung.flow_ml": 5.018188356629323,
  "integral_right_lung_dist.flow_ml": 5.018188356629323,
  "integral_right_lung_prox.flow_ml": 4.919639182254221,
  "integral_rpa_conduit_out.flow_ml": 3.806753374649846,
  "integral_rpa_conduit_rl.flux_ml": 3.613737346003084,
  "integral_svc_conduit_junction.flow_ml": 3.009259413444092,
  "integral_svc_conduit_rl.flux_ml": 2.862885976589081,
  "integral_upper_bca_to_ca1.flow_ml": 3.3380814838643094,
  "integral_upper_lcca_to_ca1.flow_ml": 1.8119414028767948,
  "integral_upper_lsa_to_ca1.flow_ml": 1.8119414028767948,
  "integral_upper_rc1.flow_ml": 4.230247406111627,
  "integral_upper_rv1.flow_ml": 4.223150266042375,
  "integral_valve_arterial.flux_ml": 83.20318530714977,
  "integral_valve_atrium.flux_ml": -0.011035946282322134,
  "max_aao_pressure_mmHg": 116.47523565692545,
  "max_active_atrium_activation": 0.0,
  "max_active_atrium_elastance": 16665250.0,
  "max_active_atrium_volume_ml": 60.04741425227326,
  "max_aortic_arch_pressure_mmHg": 102.06315124249127,
  "max_atrial_pressure_mmHg": 6.255912140413356,
  "max_bca_pressure_mmHg": 96.15883514734568,
  "max_cavity_pressure_mmHg": 116.32592646630812,
  "max_dao_pressure_mmHg": 78.10084905991853,
  "max_ivc_conduit_pressure_mmHg": 11.955274487063997,
  "max_ivc_pressure_mmHg": 12.135085234292044,
  "max_lcca_pressure_mmHg": 97.78390900886544,
  "max_left_lung_pressure_mid_mmHg": 8.600247654698208,
  "max_lower_art_pressure_mmHg": 58.7654922843867,
  "max_lower_ven_pressure_mmHg": 20.709254668086498,
  "max_lpa_conduit_pressure_mmHg": 11.49845046,
  "max_lpa_pressure_mmHg": 11.045357362058663,
  "max_lsa_pressure_mmHg": 97.78390900886544,
  "max_right_lung_pressure_mid_mmHg": 8.600247654698208,
  "max_rpa_conduit_pressure_mmHg": 11.49845046,
  "max_rpa_pressure_mmHg": 11.045357362058663,
  "max_svc_conduit_pressure_mmHg": 11.949108274353227,
  "max_svc_pressure_mmHg": 12.067984963465246,
  "max_tcpc_pressure_mmHg": 11.999971915680002,
  "max_upper_art_pressure_mmHg": 70.37155862073485,
  "max_upper_ven_pressure_mmHg": 29.103292734294847,
  "mean_aao_arch.flow_ml_s": 259.05111750496246,
  "mean_aao_pressure_mmHg": 93.76386211547178,
  "mean_active_atrium_volume_ml": 55.39200433386421,
  "mean_aortic_arch_pressure_mmHg": 83.4018416661882,
  "mean_arch_bca.flow_ml_s": 55.50420075271147,
  "mean_arch_dao.flow_ml_s": 74.92140084806165,
  "mean_arch_lcca.flow_ml_s": 29.646250904156794,
  "mean_arch_lsa.flow_ml_s": 29.646250904156794,
  "mean_atrial_pressure_mmHg": 5.673987262529119,
  "mean_bca_pressure_mmHg": 78.96151599795618,
  "mean_cavity_pressure_mmHg": 72.2222826609028,
  "mean_dao_pressure_mmHg": 71.41444558538629,
  "mean_fenestration.flow_ml_s": 6.403409587179567e-06,
  "mean_ivc_conduit_junction.flow_ml_s": 16.174693647895182,
  "mean_ivc_conduit_pressure_mmHg": 11.136423473463745,
  "mean_ivc_conduit_rl.flux_ml_s": 15.65050550186613,
  "mean_ivc_pressure_mmHg": 12.077381863425025,
  "mean_lcca_pressure_mmHg": 79.84429988363735,
  "mean_left_lung.flow_ml_s": 20.154967814202855,
  "mean_left_lung_dist.flow_ml_s": 20.154967814202855,
  "mean_left_lung_pressure_mid_mmHg": 8.57629583531154,
  "mean_left_lung_prox.flow_ml_s": 19.763613259518333,
  "mean_lower_art_pressure_mmHg": 58.51448430926174,
  "mean_lower_ra4.flow_ml_s": 35.833309629857176,
  "mean_lower_rc2.flow_ml_s": 32.3162742459071,
  "mean_lower_rv2.flow_ml_s": 31.952482436728936,
  "mean_lower_ven_pressure_mmHg": 20.704531930657655,
  "mean_lpa_conduit_out.flow_ml_s": 15.759542333737983,
  "mean_lpa_conduit_pressure_mmHg": 10.50511727874566,
  "mean_lpa_conduit_rl.flux_ml_s": 14.488896603952442,
  "mean_lpa_pressure_mmHg": 10.473598267844189,
  "mean_lsa_pressure_mmHg": 79.84429988363735,
  "mean_right_lung.flow_ml_s": 20.154967814202855,
  "mean_right_lung_dist.flow_ml_s": 20.154967814202855,
  "mean_right_lung_pressure_mid_mmHg": 8.57629583531154,
  "mean_right_lung_prox.flow_ml_s": 19.763613259518333,
  "mean_rpa_conduit_out.flow_ml_s": 15.759542333737983,
  "mean_rpa_conduit_pressure_mmHg": 10.50511727874566,
  "mean_rpa_conduit_rl.flux_ml_s": 14.488896603952442,
  "mean_rpa_pressure_mmHg": 10.473598267844189,
  "mean_svc_conduit_junction.flow_ml_s": 12.020722755167412,
  "mean_svc_conduit_pressure_mmHg": 11.135982284573272,
  "mean_svc_conduit_rl.flux_ml_s": 11.479683075824989,
  "mean_svc_pressure_mmHg": 12.043453663488584,
  "mean_tcpc_pressure_mmHg": 11.08789950608388,
  "mean_upper_art_pressure_mmHg": 68.97384593401486,
  "mean_upper_bca_to_ca1.flow_ml_s": 13.42431913809081,
  "mean_upper_lcca_to_ca1.flow_ml_s": 7.285844095481009,
  "mean_upper_lsa_to_ca1.flow_ml_s": 7.285844095481009,
  "mean_upper_rc1.flow_ml_s": 16.990166614826563,
  "mean_upper_rv1.flow_ml_s": 16.960485360150063,
  "mean_upper_ven_pressure_mmHg": 29.101674738487343,
  "min_aao_pressure_mmHg": 73.20463956770148,
  "min_active_atrium_elastance": 16665250.0,
  "min_active_atrium_volume_ml": 50.0,
  "min_aortic_arch_pressure_mmHg": 72.73054557389413,
  "min_atrial_pressure_mmHg": 4.999988298200001,
  "min_bca_pressure_mmHg": 69.99983617480001,
  "min_cavity_pressure_mmHg": 5.999607586956137,
  "min_dao_pressure_mmHg": 69.35050779191126,
  "min_ivc_conduit_pressure_mmHg": 10.99930331345195,
  "min_ivc_pressure_mmHg": 11.999971915680002,
  "min_lcca_pressure_mmHg": 69.99983617480001,
  "min_left_lung_pressure_mid_mmHg": 8.562163964294168,
  "min_lower_art_pressure_mmHg": 58.455991363845015,
  "min_lower_ven_pressure_mmHg": 20.701711200000002,
  "min_lpa_conduit_pressure_mmHg": 10.292103536244108,
  "min_lpa_pressure_mmHg": 10.25805215137468,
  "min_lsa_pressure_mmHg": 69.99983617480001,
  "min_right_lung_pressure_mid_mmHg": 8.562163964294168,
  "min_rpa_conduit_pressure_mmHg": 10.292103536244108,
  "min_rpa_pressure_mmHg": 10.25805215137468,
  "min_svc_conduit_pressure_mmHg": 10.996153720080303,
  "min_svc_pressure_mmHg": 11.999971915680002,
  "min_tcpc_pressure_mmHg": 10.93979608525272,
  "min_upper_art_pressure_mmHg": 68.590151728431,
  "min_upper_ven_pressure_mmHg": 29.100747799555922,
  "pass_atrium_balance": false,
  "pass_no_nan": true,
  "pass_tcpc_balance": false,
  "pass_ventricle_balance": false,
  "periodicity_cavity_volume": NaN,
  "periodicity_valve_arterial.flux": NaN,
  "periodicity_valve_atrium.flux": NaN,
  "rpa_flow_fraction": 0.4999999999841366,
  "tcpc_cycle_balance_rel": 0.05896773253763591,
  "tcpc_junction_cycle_balance_rel": 0.01187432203172394,
  "ventricle_cycle_balance_rel": 0.9999999999879828
}
