{
  "CO_from_valve_arterial.flux_L_min": 2.549785420623508,
  "CO_from_valve_atrium.flux_L_min": 2.5338904074900177,
  "EDV_ml": 72.88920700371776,
  "ESV_ml": 36.52157332977951,
  "SV_from_volume_ml": 36.36763367393825,
  "atrium_cycle_balance_rel": 0.0001792315604141858,
  "integral_aao_arch.flow_ml": 36.328702674610795,
  "integral_arch_bca.flow_ml": 8.67408663080795,
  "integral_arch_dao.flow_ml": 18.791278379978895,
  "integral_arch_lcca.flow_ml": 4.433908162635936,
  "integral_arch_lsa.flow_ml": 4.433908162635936,
  "integral_fenestration.flow_ml": 2.745101755208177e-06,
  "integral_ivc_conduit_junction.flow_ml": 18.76201946449291,
  "integral_ivc_conduit_rl.flux_ml": 18.762343361964586,
  "integral_left_lung.flow_ml": 14.862338058557556,
  "integral_left_lung_dist.flow_ml": 14.862338058557556,
  "integral_left_lung_prox.flow_ml": 14.869738778152806,
  "integral_lower_ra4.flow_ml": 18.80138548729554,
  "integral_lower_rc2.flow_ml": 18.83252787390448,
  "integral_lower_rv2.flow_ml": 18.833879473029604,
  "integral_lpa_conduit_out.flow_ml": 14.872685409725202,
  "integral_lpa_conduit_rl.flux_ml": 14.873000126158184,
  "integral_right_lung.flow_ml": 21.46984044180577,
  "integral_right_lung_dist.flow_ml": 21.46984044180577,
  "integral_right_lung_prox.flow_ml": 21.477094830253186,
  "integral_rpa_conduit_out.flow_ml": 21.480018173803803,
  "integral_rpa_conduit_rl.flux_ml": 21.480330339799345,
  "integral_svc_conduit_junction.flow_ml": 17.591631937237782,
  "integral_svc_conduit_rl.flux_ml": 17.59195020560951,
  "integral_upper_bca_to_ca1.flow_ml": 8.676869587319546,
  "integral_upper_lcca_to_ca1.flow_ml": 4.435287482516129,
  "integral_upper_lsa_to_ca1.flow_ml": 4.435287482516129,
  "integral_upper_rc1.flow_ml": 17.565786864114717,
  "integral_upper_rv1.flow_ml": 17.625751945313592,
  "integral_valve_arterial.flux_ml": 36.32531486972738,
  "integral_valve_atrium.flux_ml": 36.31915983223736,
  "max_aao_pressure_mmHg": 53.59568597413785,
  "max_active_atrium_activation": 0.9999906897502774,
  "max_active_atrium_elastance": 66660534.52708243,
  "max_active_atrium_volume_ml": 90.98450253748452,
  "max_aortic_arch_pressure_mmHg": 52.02444009749489,
  "max_atrial_pressure_mmHg": 10.424745803797935,
  "max_bca_pressure_mmHg": 51.153606471116085,
  "max_cavity_pressure_mmHg": 53.532836908173486,
  "max_dao_pressure_mmHg": 46.36057291958036,
  "max_ivc_conduit_pressure_mmHg": 8.4119982976481,
  "max_ivc_pressure_mmHg": 8.819528694894752,
  "max_lcca_pressure_mmHg": 51.36176260082202,
  "max_left_lung_pressure_mid_mmHg": 7.626610022827897,
  "max_lower_art_pressure_mmHg": 37.45533316387726,
  "max_lower_ven_pressure_mmHg": 14.133969266008751,
  "max_lpa_conduit_pressure_mmHg": 8.054403024719187,
  "max_lpa_pressure_mmHg": 8.035875231570499,
  "max_lsa_pressure_mmHg": 51.36176260082202,
  "max_right_lung_pressure_mid_mmHg": 7.8972920299944915,
  "max_rpa_conduit_pressure_mmHg": 8.175309750564528,
  "max_rpa_pressure_mmHg": 8.163219577482197,
  "max_svc_conduit_pressure_mmHg": 8.420286265907816,
  "max_svc_pressure_mmHg": 9.002831246956223,
  "max_tcpc_pressure_mmHg": 8.389521329484369,
  "max_upper_art_pressure_mmHg": 44.401888551635594,
  "max_upper_ven_pressure_mmHg": 19.323232021082546,
  "mean_aao_arch.flow_ml_s": 42.49647736392135,
  "mean_aao_pressure_mmHg": 48.18813204310392,
  "mean_active_atrium_volume_ml": 78.00377531582707,
  "mean_aortic_arch_pressure_mmHg": 47.50818999659407,
  "mean_arch_bca.flow_ml_s": 10.148941954560737,
  "mean_arch_dao.flow_ml_s": 21.96189604342057,
  "mean_arch_lcca.flow_ml_s": 5.187358632290643,
  "mean_arch_lsa.flow_ml_s": 5.187358632290643,
  "mean_atrial_pressure_mmHg": 5.598298606431393,
  "mean_bca_pressure_mmHg": 47.10223326849874,
  "mean_cavity_pressure_mmHg": 26.509723555138777,
  "mean_dao_pressure_mmHg": 44.3456843677605,
  "mean_fenestration.flow_ml_s": 3.1996175968170396e-06,
  "mean_ivc_conduit_junction.flow_ml_s": 21.875875393401632,
  "mean_ivc_conduit_pressure_mmHg": 8.112093082732363,
  "mean_ivc_conduit_rl.flux_ml_s": 21.87636221851695,
  "mean_ivc_pressure_mmHg": 8.797908714991394,
  "mean_lcca_pressure_mmHg": 47.19694920707383,
  "mean_left_lung.flow_ml_s": 17.316514393420213,
  "mean_left_lung_dist.flow_ml_s": 17.316514393420213,
  "mean_left_lung_pressure_mid_mmHg": 6.813915071862683,
  "mean_left_lung_prox.flow_ml_s": 17.334456755427116,
  "mean_lower_art_pressure_mmHg": 37.24396967936502,
  "mean_lower_ra4.flow_ml_s": 21.91892379322026,
  "mean_lower_rc2.flow_ml_s": 21.948778390757163,
  "mean_lower_rv2.flow_ml_s": 21.95088021845835,
  "mean_lower_ven_pressure_mmHg": 14.131960124447,
  "mean_lpa_conduit_out.flow_ml_s": 17.339205503385195,
  "mean_lpa_conduit_pressure_mmHg": 7.647706663794016,
  "mean_lpa_conduit_rl.flux_ml_s": 17.339711998307727,
  "mean_lpa_pressure_mmHg": 7.625165749393592,
  "mean_lsa_pressure_mmHg": 47.19694920707383,
  "mean_right_lung.flow_ml_s": 25.01369197827321,
  "mean_right_lung_dist.flow_ml_s": 25.01369197827321,
  "mean_right_lung_pressure_mid_mmHg": 6.8139611914807245,
  "mean_right_lung_prox.flow_ml_s": 25.03853323855482,
  "mean_rpa_conduit_out.flow_ml_s": 25.044549994565728,
  "mean_rpa_conduit_pressure_mmHg": 7.647747812039588,
  "mean_rpa_conduit_rl.flux_ml_s": 25.045184831940173,
  "mean_rpa_pressure_mmHg": 7.6252077697964165,
  "mean_svc_conduit_junction.flow_ml_s": 20.50951136214673,
  "mean_svc_conduit_pressure_mmHg": 8.121118792206516,
  "mean_svc_conduit_rl.flux_ml_s": 20.50999057269167,
  "mean_svc_pressure_mmHg": 8.978415817743803,
  "mean_tcpc_pressure_mmHg": 8.075997972809,
  "mean_upper_art_pressure_mmHg": 43.330765728805446,
  "mean_upper_bca_to_ca1.flow_ml_s": 10.138377328778844,
  "mean_upper_lcca_to_ca1.flow_ml_s": 5.1825637085130305,
  "mean_upper_lsa_to_ca1.flow_ml_s": 5.1825637085130305,
  "mean_upper_rc1.flow_ml_s": 20.47213110488439,
  "mean_upper_rv1.flow_ml_s": 20.542747766673195,
  "mean_upper_ven_pressure_mmHg": 19.308979049005828,
  "min_aao_pressure_mmHg": 43.445852164072924,
  "min_active_atrium_elastance": 16665250.0,
  "min_active_atrium_volume_ml": 59.09217996856543,
  "min_aortic_arch_pressure_mmHg": 43.364411861929035,
  "min_atrial_pressure_mmHg": 2.9393128754242706,
  "min_bca_pressure_mmHg": 43.315873772688114,
  "min_cavity_pressure_mmHg": 4.2209291624379075,
  "min_dao_pressure_mmHg": 42.123109150522275,
  "min_ivc_conduit_pressure_mmHg": 7.9951549207289245,
  "min_ivc_pressure_mmHg": 8.785990485195747,
  "min_lcca_pressure_mmHg": 43.32356349372786,
  "min_left_lung_pressure_mid_mmHg": 6.52213183674136,
  "min_lower_art_pressure_mmHg": 36.970269902130006,
  "min_lower_ven_pressure_mmHg": 14.129736353414602,
  "min_lpa_conduit_pressure_mmHg": 7.469352340197079,
  "min_lpa_pressure_mmHg": 7.444073114089394,
  "min_lsa_pressure_mmHg": 43.32356349372786,
  "min_right_lung_pressure_mid_mmHg": 6.410405735174829,
  "min_rpa_conduit_pressure_mmHg": 7.438923111176377,
  "min_rpa_pressure_mmHg": 7.4116597240777775,
  "min_svc_conduit_pressure_mmHg": 8.004250118516852,
  "min_svc_pressure_mmHg": 8.965006691083522,
  "min_tcpc_pressure_mmHg": 7.952428603561157,
  "min_upper_art_pressure_mmHg": 41.92550949608226,
  "min_upper_ven_pressure_mmHg": 19.288599884663743,
  "pass_atrium_balance": true,
  "pass_no_nan": true,
  "pass_tcpc_balance": true,
  "pass_ventricle_balance": true,
  "periodicity_cavity_volume": 0.00629514872058167,
  "periodicity_valve_arterial.flux": 0.0036140044619125946,
  "periodicity_valve_atrium.flux": 0.0010851881040058356,
  "rpa_flow_fraction": 0.5908997374049506,
  "tcpc_cycle_balance_rel": 2.1868377286541687e-05,
  "tcpc_junction_cycle_balance_rel": 4.4140984112812235e-06,
  "ventricle_cycle_balance_rel": 8.472822627168824e-05
}
