{
  "CO_from_valve_arterial.flux_L_min": 3.7790063773865885,
  "CO_from_valve_atrium.flux_L_min": 3.7561255801899858,
  "EDV_ml": 131.414999413,
  "ESV_ml": 68.18571972471933,
  "SV_from_volume_ml": 63.22927968828067,
  "atrium_cycle_balance_rel": 0.0006546846740924317,
  "integral_aao_arch.flow_ml": 63.09553066870345,
  "integral_arch_bca.flow_ml": 10.841200105025212,
  "integral_arch_dao.flow_ml": 41.15298632075348,
  "integral_arch_lcca.flow_ml": 5.541685299600314,
  "integral_arch_lsa.flow_ml": 5.541685299600314,
  "integral_fenestration.flow_ml": 9.3308954751952e-06,
  "integral_ivc_conduit_junction.flow_ml": 40.913638899401086,
  "integral_ivc_conduit_rl.flux_ml": 40.90812102883213,
  "integral_left_lung.flow_ml": 31.32260425251842,
  "integral_left_lung_dist.flow_ml": 31.32260425251842,
  "integral_left_lung_prox.flow_ml": 31.211590629987825,
  "integral_lower_ra4.flow_ml": 41.10682152133572,
  "integral_lower_rc2.flow_ml": 40.84345855951701,
  "integral_lower_rv2.flow_ml": 40.000404227640125,
  "integral_lpa_conduit_out.flow_ml": 31.162251677670596,
  "integral_lpa_conduit_rl.flux_ml": 31.156973655241877,
  "integral_right_lung.flow_ml": 31.32260425251842,
  "integral_right_lung_dist.flow_ml": 31.32260425251842,
  "integral_right_lung_prox.flow_ml": 31.211590629987825,
  "integral_rpa_conduit_out.flow_ml": 31.162251677670596,
  "integral_rpa_conduit_rl.flux_ml": 31.156973655241877,
  "integral_svc_conduit_junction.flow_ml": 21.39475565515056,
  "integral_svc_conduit_rl.flux_ml": 21.389100417664498,
  "integral_upper_bca_to_ca1.flow_ml": 10.8306204753102,
  "integral_upper_lcca_to_ca1.flow_ml": 5.5363776180166,
  "integral_upper_lsa_to_ca1.flow_ml": 5.5363776180166,
  "integral_upper_rc1.flow_ml": 21.828629725410774,
  "integral_upper_rv1.flow_ml": 20.443163399616843,
  "integral_valve_arterial.flux_ml": 63.10951849176649,
  "integral_valve_atrium.flux_ml": 62.727297300144976,
  "max_aao_pressure_mmHg": 111.37353066130234,
  "max_active_atrium_activation": 1.0,
  "max_active_atrium_elastance": 66661000.0,
  "max_active_atrium_volume_ml": 46.78814224057263,
  "max_aortic_arch_pressure_mmHg": 101.28499960692088,
  "max_atrial_pressure_mmHg": 4.598507017884507,
  "max_bca_pressure_mmHg": 99.06862337281872,
  "max_cavity_pressure_mmHg": 110.65433277624231,
  "max_dao_pressure_mmHg": 89.06584533531846,
  "max_ivc_conduit_pressure_mmHg": 9.609126300249592,
  "max_ivc_pressure_mmHg": 11.784842736542137,
  "max_lcca_pressure_mmHg": 99.65214652254215,
  "max_left_lung_pressure_mid_mmHg": 6.430181345338713,
  "max_lower_art_pressure_mmHg": 70.79192453824535,
  "max_lower_ven_pressure_mmHg": 22.595510029957,
  "max_lpa_conduit_pressure_mmHg": 8.422489323561974,
  "max_lpa_pressure_mmHg": 8.366032042711783,
  "max_lsa_pressure_mmHg": 99.65214652254215,
  "max_right_lung_pressure_mid_mmHg": 6.430181345338713,
  "max_rpa_conduit_pressure_mmHg": 8.422489323561974,
  "max_rpa_pressure_mmHg": 8.366032042711783,
  "max_svc_conduit_pressure_mmHg": 9.571765484003834,
  "max_svc_pressure_mmHg": 11.052004111824115,
  "max_tcpc_pressure_mmHg": 9.496271996043815,
  "max_upper_art_pressure_mmHg": 83.9883150469123,
  "max_upper_ven_pressure_mmHg": 31.666998632875792,
  "mean_aao_arch.flow_ml_s": 62.983790394421305,
  "mean_aao_pressure_mmHg": 94.2324748087989,
  "mean_active_atrium_volume_ml": 28.471636118470496,
  "mean_aortic_arch_pressure_mmHg": 91.71312908921178,
  "mean_arch_bca.flow_ml_s": 10.816905150955309,
  "mean_arch_dao.flow_ml_s": 41.107952414813674,
  "mean_arch_lcca.flow_ml_s": 5.529232046600801,
  "mean_arch_lsa.flow_ml_s": 5.529232046600801,
  "mean_atrial_pressure_mmHg": 2.423560659353915,
  "mean_bca_pressure_mmHg": 90.84777870237153,
  "mean_cavity_pressure_mmHg": 42.534361641048136,
  "mean_dao_pressure_mmHg": 85.1358720960268,
  "mean_fenestration.flow_ml_s": 9.333591374896373e-06,
  "mean_ivc_conduit_junction.flow_ml_s": 40.91655077928956,
  "mean_ivc_conduit_pressure_mmHg": 9.425157551353147,
  "mean_ivc_conduit_rl.flux_ml_s": 40.91079831487379,
  "mean_ivc_pressure_mmHg": 11.757130190286379,
  "mean_lcca_pressure_mmHg": 91.0496227964669,
  "mean_left_lung.flow_ml_s": 31.340434970909023,
  "mean_left_lung_dist.flow_ml_s": 31.340434970909023,
  "mean_left_lung_pressure_mid_mmHg": 5.808319714638849,
  "mean_left_lung_prox.flow_ml_s": 31.218164075243102,
  "mean_lower_art_pressure_mmHg": 70.34390783514223,
  "mean_lower_ra4.flow_ml_s": 41.08888577635293,
  "mean_lower_rc2.flow_ml_s": 40.84343966697669,
  "mean_lower_rv2.flow_ml_s": 40.0003346257961,
  "mean_lower_ven_pressure_mmHg": 22.557195263151876,
  "mean_lpa_conduit_out.flow_ml_s": 31.1653636939528,
  "mean_lpa_conduit_pressure_mmHg": 8.11835284912246,
  "mean_lpa_conduit_rl.flux_ml_s": 31.15972262265021,
  "mean_lpa_pressure_mmHg": 8.056022267610894,
  "mean_lsa_pressure_mmHg": 91.0496227964669,
  "mean_right_lung.flow_ml_s": 31.340434970909023,
  "mean_right_lung_dist.flow_ml_s": 31.340434970909023,
  "mean_right_lung_pressure_mid_mmHg": 5.808319714638849,
  "mean_right_lung_prox.flow_ml_s": 31.218164075243102,
  "mean_rpa_conduit_out.flow_ml_s": 31.1653636939528,
  "mean_rpa_conduit_pressure_mmHg": 8.11835284912246,
  "mean_rpa_conduit_rl.flux_ml_s": 31.15972262265021,
  "mean_rpa_pressure_mmHg": 8.056022267610894,
  "mean_svc_conduit_junction.flow_ml_s": 21.397095665258995,
  "mean_svc_conduit_pressure_mmHg": 9.387996368647062,
  "mean_svc_conduit_rl.flux_ml_s": 21.391205671160698,
  "mean_svc_pressure_mmHg": 11.013635298312236,
  "mean_tcpc_pressure_mmHg": 9.302408186293654,
  "mean_upper_art_pressure_mmHg": 82.80021098284698,
  "mean_upper_bca_to_ca1.flow_ml_s": 10.81664859378257,
  "mean_upper_lcca_to_ca1.flow_ml_s": 5.529109329932011,
  "mean_upper_lsa_to_ca1.flow_ml_s": 5.529109329932011,
  "mean_upper_rc1.flow_ml_s": 21.82805404885315,
  "mean_upper_rv1.flow_ml_s": 20.443145703615556,
  "mean_upper_ven_pressure_mmHg": 31.574585735499475,
  "min_aao_pressure_mmHg": 83.771457038302,
  "min_active_atrium_elastance": 16665250.0,
  "min_active_atrium_volume_ml": 12.447543136539824,
  "min_aortic_arch_pressure_mmHg": 83.47773308818036,
  "min_atrial_pressure_mmHg": 0.7484661398244435,
  "min_bca_pressure_mmHg": 83.53029594115976,
  "min_cavity_pressure_mmHg": 0.6715232316946871,
  "min_dao_pressure_mmHg": 80.55660510418585,
  "min_ivc_conduit_pressure_mmHg": 9.297782487812183,
  "min_ivc_pressure_mmHg": 11.743911043666149,
  "min_lcca_pressure_mmHg": 83.51100936038763,
  "min_left_lung_pressure_mid_mmHg": 5.393269523928589,
  "min_lower_art_pressure_mmHg": 69.73467587156539,
  "min_lower_ven_pressure_mmHg": 22.52525566890538,
  "min_lpa_conduit_pressure_mmHg": 7.902524842989355,
  "min_lpa_pressure_mmHg": 7.835866500628512,
  "min_lsa_pressure_mmHg": 83.51100936038763,
  "min_right_lung_pressure_mid_mmHg": 5.393269523928589,
  "min_rpa_conduit_pressure_mmHg": 7.902524842989355,
  "min_rpa_pressure_mmHg": 7.835866500628512,
  "min_svc_conduit_pressure_mmHg": 9.26088436008607,
  "min_svc_pressure_mmHg": 10.998321782597115,
  "min_tcpc_pressure_mmHg": 9.167800654939267,
  "min_upper_art_pressure_mmHg": 81.02537786862366,
  "min_upper_ven_pressure_mmHg": 31.49381574983674,
  "pass_atrium_balance": true,
  "pass_no_nan": true,
  "pass_tcpc_balance": true,
  "pass_ventricle_balance": true,
  "periodicity_cavity_volume": 0.008618626533254726,
  "periodicity_valve_arterial.flux": 0.007237766691638531,
  "periodicity_valve_atrium.flux": 0.01014057033221896,
  "rpa_flow_fraction": 0.49999999999197825,
  "tcpc_cycle_balance_rel": 0.00021891776002722863,
  "tcpc_junction_cycle_balance_rel": 4.455666495245394e-05,
  "ventricle_cycle_balance_rel": 0.0030374353420586056
}
