{
  "CO_from_valve_arterial.flux_L_min": 2.4600381368746063,
  "CO_from_valve_atrium.flux_L_min": 2.4427737896642694,
  "EDV_ml": 70.44440281527287,
  "ESV_ml": 35.384666825447724,
  "SV_from_volume_ml": 35.05973598982514,
  "aao_arch_cycle_storage_ml": -0.00046173600436427405,
  "aao_arch_mass_balance_rel": 6.591670167772863e-06,
  "atrium_cycle_balance_rel": 0.00015436839927941262,
  "dao_cycle_storage_ml": -0.00032933481523080054,
  "dao_mass_balance_rel": 9.050145079959542e-06,
  "integral_aao_arch_inlet_flow_ml": 35.02397336290291,
  "integral_aao_arch_outlet_flow_ml": 35.02443509890727,
  "integral_arch_bca.flow_ml": 8.324423175181188,
  "integral_arch_lcca.flow_ml": 4.255162699697571,
  "integral_arch_lsa.flow_ml": 4.255162699697571,
  "integral_dao_inlet_flow_ml": 18.194837308363066,
  "integral_dao_outlet_flow_ml": 18.1951666431783,
  "integral_fenestration.flow_ml": 3.4308340898764798e-06,
  "integral_ivc_inlet_flow_ml": 18.152261109040083,
  "integral_ivc_outlet_flow_ml": 18.151278214299943,
  "integral_left_lung.flow_ml": 14.327234885563565,
  "integral_left_lung_dist.flow_ml": 14.327234885563565,
  "integral_left_lung_prox.flow_ml": 14.33426841931072,
  "integral_lower_ra4.flow_ml": 18.20260264591705,
  "integral_lower_rc2.flow_ml": 18.23266056690462,
  "integral_lower_rv2.flow_ml": 18.228006683756448,
  "integral_lpa_inlet_flow_ml": 14.337281009964597,
  "integral_lpa_outlet_flow_ml": 14.33723438127504,
  "integral_quasi_aao_arch_rl_01.flux_ml": 35.02397336290291,
  "integral_quasi_aao_arch_rl_02.flux_ml": 35.02429223568855,
  "integral_quasi_aao_arch_rl_03.flux_ml": 35.02460491555516,
  "integral_quasi_aao_arch_rl_04.flux_ml": 35.02443509890727,
  "integral_quasi_dao_rl_01.flux_ml": 18.194837308363066,
  "integral_quasi_dao_rl_02.flux_ml": 18.194908654345692,
  "integral_quasi_dao_rl_03.flux_ml": 18.194998940518342,
  "integral_quasi_dao_rl_04.flux_ml": 18.195062887210796,
  "integral_quasi_dao_rl_05.flux_ml": 18.19511652115144,
  "integral_quasi_dao_rl_06.flux_ml": 18.1951666431783,
  "integral_quasi_ivc_rl_01.flux_ml": 18.152261109040083,
  "integral_quasi_ivc_rl_02.flux_ml": 18.15195255488635,
  "integral_quasi_ivc_rl_03.flux_ml": 18.151687205251054,
  "integral_quasi_ivc_rl_04.flux_ml": 18.15146305767299,
  "integral_quasi_ivc_rl_05.flux_ml": 18.151278214299943,
  "integral_quasi_lpa_rl_01.flux_ml": 14.337281009964597,
  "integral_quasi_lpa_rl_02.flux_ml": 14.337256113624816,
  "integral_quasi_lpa_rl_03.flux_ml": 14.33724176244975,
  "integral_quasi_lpa_rl_04.flux_ml": 14.33723438127504,
  "integral_quasi_rpa_rl_01.flux_ml": 20.706592519865893,
  "integral_quasi_rpa_rl_02.flux_ml": 20.706575496747195,
  "integral_quasi_rpa_rl_03.flux_ml": 20.70655868616446,
  "integral_quasi_svc_rl_01.flux_ml": 16.893185773285875,
  "integral_quasi_svc_rl_02.flux_ml": 16.893139014054476,
  "integral_quasi_svc_rl_03.flux_ml": 16.8931005102557,
  "integral_right_lung.flow_ml": 20.696726839626926,
  "integral_right_lung_dist.flow_ml": 20.696726839626926,
  "integral_right_lung_prox.flow_ml": 20.703597961549153,
  "integral_rpa_inlet_flow_ml": 20.706592519865893,
  "integral_rpa_outlet_flow_ml": 20.70655868616446,
  "integral_svc_inlet_flow_ml": 16.893185773285875,
  "integral_svc_outlet_flow_ml": 16.8931005102557,
  "integral_upper_bca_to_ca1.flow_ml": 8.327547747487403,
  "integral_upper_lcca_to_ca1.flow_ml": 4.256722422373601,
  "integral_upper_lsa_to_ca1.flow_ml": 4.256722422373601,
  "integral_upper_rc1.flow_ml": 16.859523139537245,
  "integral_upper_rv1.flow_ml": 16.926473810902454,
  "integral_valve_arterial.flux_ml": 35.01989696976031,
  "integral_valve_atrium.flux_ml": 35.01315363810603,
  "ivc_cycle_storage_ml": 0.0009828947401395753,
  "ivc_mass_balance_rel": 2.7074350281890694e-05,
  "lpa_cycle_storage_ml": 4.662868955697657e-05,
  "lpa_mass_balance_rel": 1.6261369693311706e-06,
  "max_aao_pressure_mmHg": 52.01049307462382,
  "max_active_atrium_activation": 0.9999906897502774,
  "max_active_atrium_elastance": 66660534.52708243,
  "max_active_atrium_volume_ml": 84.80768859956687,
  "max_aortic_arch_pressure_mmHg": 52.573148806703905,
  "max_atrial_pressure_mmHg": 8.790776609045183,
  "max_bca_pressure_mmHg": 51.20613572116172,
  "max_cavity_pressure_mmHg": 53.03552858289246,
  "max_dao_pressure_mmHg": 55.63850587189765,
  "max_ivc_pressure_mmHg": 8.76166421733156,
  "max_lcca_pressure_mmHg": 51.56883021807387,
  "max_left_lung_pressure_mid_mmHg": 6.983458012260335,
  "max_lower_art_pressure_mmHg": 40.151125551462336,
  "max_lower_ven_pressure_mmHg": 14.53458393981137,
  "max_lpa_pressure_mmHg": 7.846558419328003,
  "max_lsa_pressure_mmHg": 51.56883021807387,
  "max_quasi_aao_arch_p_01_pressure_mmHg": 51.78628662965803,
  "max_quasi_aao_arch_p_02_pressure_mmHg": 51.466060634315355,
  "max_quasi_aao_arch_p_03_pressure_mmHg": 51.677926531232686,
  "max_quasi_dao_p_01_pressure_mmHg": 51.507905701997586,
  "max_quasi_dao_p_02_pressure_mmHg": 50.54740569872869,
  "max_quasi_dao_p_03_pressure_mmHg": 51.16732844973267,
  "max_quasi_dao_p_04_pressure_mmHg": 52.125922490845355,
  "max_quasi_dao_p_05_pressure_mmHg": 53.69935522667548,
  "max_quasi_ivc_p_01_pressure_mmHg": 8.692096037501388,
  "max_quasi_ivc_p_02_pressure_mmHg": 8.617069115709915,
  "max_quasi_ivc_p_03_pressure_mmHg": 8.518484800911104,
  "max_quasi_ivc_p_04_pressure_mmHg": 8.386089955107925,
  "max_quasi_lpa_p_01_pressure_mmHg": 8.166482644126308,
  "max_quasi_lpa_p_02_pressure_mmHg": 8.029684659539848,
  "max_quasi_lpa_p_03_pressure_mmHg": 7.910306372532585,
  "max_quasi_rpa_p_01_pressure_mmHg": 8.10407666190976,
  "max_quasi_rpa_p_02_pressure_mmHg": 8.006274743011764,
  "max_quasi_svc_p_01_pressure_mmHg": 8.795369633996952,
  "max_quasi_svc_p_02_pressure_mmHg": 8.585542128969365,
  "max_right_lung_pressure_mid_mmHg": 7.157487707144687,
  "max_rpa_pressure_mmHg": 7.909770451320902,
  "max_svc_pressure_mmHg": 8.931149242775827,
  "max_tcpc_pressure_mmHg": 8.204553387919145,
  "max_upper_art_pressure_mmHg": 43.89946602913062,
  "max_upper_ven_pressure_mmHg": 19.2455749974637,
  "mean_aao_arch_inlet_flow_ml_s": 41.081569206105364,
  "mean_aao_arch_outlet_flow_ml_s": 41.084971693343334,
  "mean_aao_pressure_mmHg": 47.39185792999422,
  "mean_active_atrium_volume_ml": 72.2615290811429,
  "mean_aortic_arch_pressure_mmHg": 47.37968136154446,
  "mean_arch_bca.flow_ml_s": 9.699653271932188,
  "mean_arch_lcca.flow_ml_s": 4.958859531213481,
  "mean_arch_lsa.flow_ml_s": 4.958859531213481,
  "mean_atrial_pressure_mmHg": 4.751139304432516,
  "mean_bca_pressure_mmHg": 46.97617672978038,
  "mean_cavity_pressure_mmHg": 24.664824495372507,
  "mean_dao_inlet_flow_ml_s": 21.481596078895095,
  "mean_dao_outlet_flow_ml_s": 21.479136519882694,
  "mean_dao_pressure_mmHg": 47.29482618600888,
  "mean_fenestration.flow_ml_s": 3.998842575391689e-06,
  "mean_ivc_inlet_flow_ml_s": 21.16109265754473,
  "mean_ivc_outlet_flow_ml_s": 21.16000264630435,
  "mean_ivc_pressure_mmHg": 8.749972521092996,
  "mean_lcca_pressure_mmHg": 47.070249250980964,
  "mean_left_lung.flow_ml_s": 16.69575589796047,
  "mean_left_lung_dist.flow_ml_s": 16.69575589796047,
  "mean_left_lung_pressure_mid_mmHg": 6.470130308619325,
  "mean_left_lung_prox.flow_ml_s": 16.707624504412884,
  "mean_lower_art_pressure_mmHg": 39.59215115106795,
  "mean_lower_ra4.flow_ml_s": 21.226557159434694,
  "mean_lower_rc2.flow_ml_s": 21.249059743603066,
  "mean_lower_rv2.flow_ml_s": 21.24470793918779,
  "mean_lower_ven_pressure_mmHg": 14.531918701955112,
  "mean_lpa_inlet_flow_ml_s": 16.711322179849525,
  "mean_lpa_outlet_flow_ml_s": 16.711267242460742,
  "mean_lpa_pressure_mmHg": 7.616938970650825,
  "mean_lsa_pressure_mmHg": 47.070249250980964,
  "mean_quasi_aao_arch_p_01_pressure_mmHg": 47.39026357038667,
  "mean_quasi_aao_arch_p_02_pressure_mmHg": 47.38807507713369,
  "mean_quasi_aao_arch_p_03_pressure_mmHg": 47.38485239221123,
  "mean_quasi_aao_arch_rl_01.flux_ml_s": 41.081569206105364,
  "mean_quasi_aao_arch_rl_02.flux_ml_s": 41.08347418593925,