{
  "CO_from_valve_arterial.flux_L_min": 2.4721030930446135,
  "CO_from_valve_atrium.flux_L_min": 2.4548421087805488,
  "EDV_ml": 70.03587697710246,
  "ESV_ml": 34.80343704405055,
  "SV_from_volume_ml": 35.232439933051914,
  "aao_arch_cycle_storage_ml": -0.00047754631544598197,
  "aao_arch_mass_balance_rel": 6.7838876538564074e-06,
  "atrium_cycle_balance_rel": 0.00014772507901833173,
  "dao_cycle_storage_ml": -0.0003269731810881613,
  "dao_mass_balance_rel": 9.109986588213962e-06,
  "integral_aao_arch_inlet_flow_ml": 35.19685910092996,
  "integral_aao_arch_outlet_flow_ml": 35.19733664724541,
  "integral_arch_bca.flow_ml": 8.533134360703908,
  "integral_arch_lcca.flow_ml": 4.361849417189457,
  "integral_arch_lsa.flow_ml": 4.361849417189457,
  "integral_dao_inlet_flow_ml": 17.945701631480684,
  "integral_dao_outlet_flow_ml": 17.94602860466177,
  "integral_fenestration.flow_ml": 3.549060869672989e-06,
  "integral_ivc_inlet_flow_ml": 17.9067936233255,
  "integral_ivc_outlet_flow_ml": 17.905840989733058,
  "integral_left_lung.flow_ml": 14.397778672793594,
  "integral_left_lung_dist.flow_ml": 14.397778672793594,
  "integral_left_lung_prox.flow_ml": 14.404283338509945,
  "integral_lower_ra4.flow_ml": 17.953421808990445,
  "integral_lower_rc2.flow_ml": 17.98349524569581,
  "integral_lower_rv2.flow_ml": 17.980199732332782,
  "integral_lpa_inlet_flow_ml": 14.407201033835193,
  "integral_lpa_outlet_flow_ml": 14.407155834567906,
  "integral_quasi_aao_arch_rl_01.flux_ml": 35.19685910092996,
  "integral_quasi_aao_arch_rl_02.flux_ml": 35.19745567071986,
  "integral_quasi_aao_arch_rl_03.flux_ml": 35.19744550324985,
  "integral_quasi_aao_arch_rl_04.flux_ml": 35.19733664724541,
  "integral_quasi_dao_rl_01.flux_ml": 17.945701631480684,
  "integral_quasi_dao_rl_02.flux_ml": 17.945771563885636,
  "integral_quasi_dao_rl_03.flux_ml": 17.945863876163834,
  "integral_quasi_dao_rl_04.flux_ml": 17.945924438421173,
  "integral_quasi_dao_rl_05.flux_ml": 17.945980506161295,
  "integral_quasi_dao_rl_06.flux_ml": 17.94602860466177,
  "integral_quasi_ivc_rl_01.flux_ml": 17.9067936233255,
  "integral_quasi_ivc_rl_02.flux_ml": 17.906494596373488,
  "integral_quasi_ivc_rl_03.flux_ml": 17.90623743083441,
  "integral_quasi_ivc_rl_04.flux_ml": 17.90602017812489,
  "integral_quasi_ivc_rl_05.flux_ml": 17.905840989733058,
  "integral_quasi_lpa_rl_01.flux_ml": 14.407201033835193,
  "integral_quasi_lpa_rl_02.flux_ml": 14.407176893286062,
  "integral_quasi_lpa_rl_03.flux_ml": 14.407162984700612,
  "integral_quasi_lpa_rl_04.flux_ml": 14.407155834567906,
  "integral_quasi_rpa_rl_01.flux_ml": 20.808005967766004,
  "integral_quasi_rpa_rl_02.flux_ml": 20.807989464250355,
  "integral_quasi_rpa_rl_03.flux_ml": 20.807973170559073,
  "integral_quasi_svc_rl_01.flux_ml": 17.30993901245896,
  "integral_quasi_svc_rl_02.flux_ml": 17.309893384274194,
  "integral_quasi_svc_rl_03.flux_ml": 17.309855904676596,
  "integral_right_lung.flow_ml": 20.798747419525405,
  "integral_right_lung_dist.flow_ml": 20.798747419525405,
  "integral_right_lung_prox.flow_ml": 20.805104280909703,
  "integral_rpa_inlet_flow_ml": 20.808005967766004,
  "integral_rpa_outlet_flow_ml": 20.807973170559073,
  "integral_svc_inlet_flow_ml": 17.30993901245896,
  "integral_svc_outlet_flow_ml": 17.309855904676596,
  "integral_upper_bca_to_ca1.flow_ml": 8.536236590815385,
  "integral_upper_lcca_to_ca1.flow_ml": 4.363397347426424,
  "integral_upper_lsa_to_ca1.flow_ml": 4.363397347426424,
  "integral_upper_rc1.flow_ml": 17.28114882974117,
  "integral_upper_rv1.flow_ml": 17.342474989832493,
  "integral_valve_arterial.flux_ml": 35.192875992259886,
  "integral_valve_atrium.flux_ml": 35.186132357074484,
  "ivc_cycle_storage_ml": 0.0009526335924395007,
  "ivc_mass_balance_rel": 2.6600488981213802e-05,
  "lpa_cycle_storage_ml": 4.519926728733983e-05,
  "lpa_mass_balance_rel": 1.5686370336911896e-06,
  "max_aao_pressure_mmHg": 51.620248327606674,
  "max_active_atrium_activation": 0.9999906897502774,
  "max_active_atrium_elastance": 66660534.52708243,
  "max_active_atrium_volume_ml": 84.42375647873645,
  "max_aortic_arch_pressure_mmHg": 52.21948223034416,
  "max_atrial_pressure_mmHg": 8.54130291702654,
  "max_bca_pressure_mmHg": 50.86911759106604,
  "max_cavity_pressure_mmHg": 52.69440458372983,
  "max_dao_pressure_mmHg": 55.23740121384966,
  "max_ivc_pressure_mmHg": 8.858591121575584,
  "max_lcca_pressure_mmHg": 51.22739477055896,
  "max_left_lung_pressure_mid_mmHg": 6.774762176891197,
  "max_lower_art_pressure_mmHg": 39.82960015633995,
  "max_lower_ven_pressure_mmHg": 14.55357941396427,
  "max_lpa_pressure_mmHg": 7.923241657611374,
  "max_lsa_pressure_mmHg": 51.22739477055896,
  "max_quasi_aao_arch_p_01_pressure_mmHg": 51.38449775229298,
  "max_quasi_aao_arch_p_02_pressure_mmHg": 51.064555728800435,
  "max_quasi_aao_arch_p_03_pressure_mmHg": 51.29268196526614,
  "max_quasi_dao_p_01_pressure_mmHg": 51.14720003923091,
  "max_quasi_dao_p_02_pressure_mmHg": 50.12785847153125,
  "max_quasi_dao_p_03_pressure_mmHg": 50.74662826177701,
  "max_quasi_dao_p_04_pressure_mmHg": 51.70051312977313,
  "max_quasi_dao_p_05_pressure_mmHg": 53.2875699694795,
  "max_quasi_ivc_p_01_pressure_mmHg": 8.789584924263814,
  "max_quasi_ivc_p_02_pressure_mmHg": 8.713828143781111,
  "max_quasi_ivc_p_03_pressure_mmHg": 8.614388383342233,
  "max_quasi_ivc_p_04_pressure_mmHg": 8.481034126814967,
  "max_quasi_lpa_p_01_pressure_mmHg": 8.256790474669614,
  "max_quasi_lpa_p_02_pressure_mmHg": 8.113784762395758,
  "max_quasi_lpa_p_03_pressure_mmHg": 7.989860401356264,
  "max_quasi_rpa_p_01_pressure_mmHg": 8.193739476783406,
  "max_quasi_rpa_p_02_pressure_mmHg": 8.091397330548705,
  "max_quasi_svc_p_01_pressure_mmHg": 8.918044009634174,
  "max_quasi_svc_p_02_pressure_mmHg": 8.697946063891113,
  "max_right_lung_pressure_mid_mmHg": 6.964130297975149,
  "max_rpa_pressure_mmHg": 7.9900928660440735,
  "max_svc_pressure_mmHg": 9.058835737905095,
  "max_tcpc_pressure_mmHg": 8.298418885149896,
  "max_upper_art_pressure_mmHg": 43.54851821457419,
  "max_upper_ven_pressure_mmHg": 19.221939551084024,
  "mean_aao_arch_inlet_flow_ml_s": 41.28367942898472,
  "mean_aao_arch_outlet_flow_ml_s": 41.287066008623846,
  "mean_aao_pressure_mmHg": 46.96197683238216,
  "mean_active_atrium_volume_ml": 72.08807869591632,
  "mean_aortic_arch_pressure_mmHg": 46.949670980293696,
  "mean_arch_bca.flow_ml_s": 9.942737390392994,
  "mean_arch_lcca.flow_ml_s": 5.08318706431446,
  "mean_arch_lsa.flow_ml_s": 5.08318706431446,
  "mean_atrial_pressure_mmHg": 4.711054302261928,
  "mean_bca_pressure_mmHg": 46.551962415461375,
  "mean_cavity_pressure_mmHg": 24.41186557254027,
  "mean_dao_inlet_flow_ml_s": 21.19283240827088,
  "mean_dao_outlet_flow_ml_s": 21.190457940185414,
  "mean_dao_pressure_mmHg": 46.866139596376776,
  "mean_fenestration.flow_ml_s": 4.136535370131286e-06,
  "mean_ivc_inlet_flow_ml_s": 20.874780374293707,
  "mean_ivc_outlet_flow_ml_s": 20.87372256625919,
  "mean_ivc_pressure_mmHg": 8.847579991411296,
  "mean_lcca_pressure_mmHg": 46.64468047022408,
  "mean_left_lung.flow_ml_s": 16.7760911141713,
  "mean_left_lung_dist.flow_ml_s": 16.7760911141713,
  "mean_left_lung_pressure_mid_mmHg": 6.215866153393388,
  "mean_left_lung_prox.flow_ml_s": 16.78937270082493,
  "mean_lower_art_pressure_mmHg": 39.26866854858331,
  "mean_lower_ra4.flow_ml_s": 20.936642495184106,
  "mean_lower_rc2.flow_ml_s": 20.958658889027667,
  "mean_lower_rv2.flow_ml_s": 20.95589288019467,
  "mean_lower_ven_pressure_mmHg": 14.550922449779284,
  "mean_lpa_inlet_flow_ml_s": 16.792971951507408,
  "mean_lpa_outlet_flow_ml_s": 16.792918442960428,
  "mean_lpa_pressure_mmHg": 7.72186936005947,
  "mean_lsa_pressure_mmHg": 46.64468047022408,
  "mean_quasi_aao_arch_p_01_pressure_mmHg": 46.9603869325245,
  "mean_quasi_aao_arch_p_02_pressure_mmHg": 46.95818222744398,
  "mean_quasi_aao_arch_p_03_pressure_mmHg": 46.95487130688739,
  "mean_quasi_aao_arch_rl_01.flux_ml_s": 41.28367942898472,
  "mean_quasi_aao_arch_rl_02.flux_ml_s": 41.28578876542194,