{
  "mean_atrial_pressure_mmHg": 5.0890466867979445,
  "min_atrial_pressure_mmHg": 2.6664939206646365,
  "max_atrial_pressure_mmHg": 8.986776689959257,
  "mean_cavity_pressure_mmHg": 27.228323424535322,
  "min_cavity_pressure_mmHg": 3.793231695008365,
  "max_cavity_pressure_mmHg": 57.513671397979635,
  "mean_aao_pressure_mmHg": 48.17367413018784,
  "min_aao_pressure_mmHg": 40.00526202241139,
  "max_aao_pressure_mmHg": 57.667819152429686,
  "mean_aortic_arch_pressure_mmHg": 48.11016833686471,
  "min_aortic_arch_pressure_mmHg": 39.96240326822201,
  "max_aortic_arch_pressure_mmHg": 57.75231571412855,
  "mean_bca_pressure_mmHg": 47.70170870369898,
  "min_bca_pressure_mmHg": 40.21455478859473,
  "max_bca_pressure_mmHg": 56.36654669995651,
  "mean_lcca_pressure_mmHg": 47.797034831715564,
  "min_lcca_pressure_mmHg": 40.15061394301888,
  "max_lcca_pressure_mmHg": 56.69487261793733,
  "mean_lsa_pressure_mmHg": 47.797034831715564,
  "min_lsa_pressure_mmHg": 40.15061394301888,
  "max_lsa_pressure_mmHg": 56.69487261793733,
  "mean_upper_art_pressure_mmHg": 43.90613697136801,
  "min_upper_art_pressure_mmHg": 40.919665946433405,
  "max_upper_art_pressure_mmHg": 46.235216767329696,
  "mean_upper_ven_pressure_mmHg": 19.821857195507135,
  "min_upper_ven_pressure_mmHg": 19.780700469406494,
  "max_upper_ven_pressure_mmHg": 19.854823874419388,
  "mean_dao_pressure_mmHg": 47.55076039888268,
  "min_dao_pressure_mmHg": 39.37786228825501,
  "max_dao_pressure_mmHg": 59.29130698906151,
  "mean_lower_art_pressure_mmHg": 11.192206232415742,
  "min_lower_art_pressure_mmHg": 10.906855705885766,
  "max_lower_art_pressure_mmHg": 11.455529978780532,
  "mean_lower_ven_pressure_mmHg": 9.6382773703767,
  "min_lower_ven_pressure_mmHg": 9.609558394487092,
  "max_lower_ven_pressure_mmHg": 9.661173722157729,
  "mean_svc_pressure_mmHg": 9.48899943151568,
  "min_svc_pressure_mmHg": 9.479052079411822,
  "max_svc_pressure_mmHg": 9.50386175792398,
  "mean_ivc_pressure_mmHg": 9.279866984147194,
  "min_ivc_pressure_mmHg": 9.268669365179,
  "max_ivc_pressure_mmHg": 9.29263294514388,
  "mean_tcpc_pressure_mmHg": 8.584783017021312,
  "min_tcpc_pressure_mmHg": 8.516279630086302,
  "max_tcpc_pressure_mmHg": 8.74822683638869,
  "mean_rpa_pressure_mmHg": 8.142175424856251,
  "min_rpa_pressure_mmHg": 8.017729897455142,
  "max_rpa_pressure_mmHg": 8.454905896552988,
  "mean_lpa_pressure_mmHg": 8.141944274860345,
  "min_lpa_pressure_mmHg": 7.9408086173639525,
  "max_lpa_pressure_mmHg": 8.370476083395436,
  "mean_quasi_aao_arch_p_01_pressure_mmHg": 48.16712885284374,
  "min_quasi_aao_arch_p_01_pressure_mmHg": 39.98583295166022,
  "max_quasi_aao_arch_p_01_pressure_mmHg": 57.60990697806132,
  "mean_quasi_aao_arch_p_02_pressure_mmHg": 48.15630922104023,
  "min_quasi_aao_arch_p_02_pressure_mmHg": 39.960040546385315,
  "max_quasi_aao_arch_p_02_pressure_mmHg": 57.66698509901429,
  "mean_quasi_aao_arch_p_03_pressure_mmHg": 48.13951034649621,
  "min_quasi_aao_arch_p_03_pressure_mmHg": 39.96615020665667,
  "max_quasi_aao_arch_p_03_pressure_mmHg": 57.756403389787245,
  "mean_quasi_dao_p_01_pressure_mmHg": 48.06469055693275,
  "min_quasi_dao_p_01_pressure_mmHg": 39.910890950324536,
  "max_quasi_dao_p_01_pressure_mmHg": 58.07849525399168,
  "mean_quasi_dao_p_02_pressure_mmHg": 48.007760516212784,
  "min_quasi_dao_p_02_pressure_mmHg": 39.81875102693984,
  "max_quasi_dao_p_02_pressure_mmHg": 58.299829979149386,
  "mean_quasi_dao_p_03_pressure_mmHg": 47.9353908646109,
  "min_quasi_dao_p_03_pressure_mmHg": 39.7248646455755,
  "max_quasi_dao_p_03_pressure_mmHg": 58.45147686522498,
  "mean_quasi_dao_p_04_pressure_mmHg": 47.841643804990255,
  "min_quasi_dao_p_04_pressure_mmHg": 39.64090019411527,
  "max_quasi_dao_p_04_pressure_mmHg": 58.76537979958591,
  "mean_quasi_dao_p_05_pressure_mmHg": 47.71777134637655,
  "min_quasi_dao_p_05_pressure_mmHg": 39.544027568101484,
  "max_quasi_dao_p_05_pressure_mmHg": 58.99482945763491,
  "mean_quasi_svc_p_01_pressure_mmHg": 9.330832203652065,
  "min_quasi_svc_p_01_pressure_mmHg": 9.316579562824096,
  "max_quasi_svc_p_01_pressure_mmHg": 9.36271198389237,
  "mean_quasi_svc_p_02_pressure_mmHg": 9.065566293903586,
  "min_quasi_svc_p_02_pressure_mmHg": 9.033703135355804,
  "max_quasi_svc_p_02_pressure_mmHg": 9.144438085485202,
  "mean_quasi_ivc_p_01_pressure_mmHg": 9.203868320867127,
  "min_quasi_ivc_p_01_pressure_mmHg": 9.187917072279658,
  "max_quasi_ivc_p_01_pressure_mmHg": 9.229272040491853,
  "mean_quasi_ivc_p_02_pressure_mmHg": 9.10657235078227,
  "min_quasi_ivc_p_02_pressure_mmHg": 9.083189507121087,
  "max_quasi_ivc_p_02_pressure_mmHg": 9.155481088903981,
  "mean_quasi_ivc_p_03_pressure_mmHg": 8.97996418217884,
  "min_quasi_ivc_p_03_pressure_mmHg": 8.946070792225528,
  "max_quasi_ivc_p_03_pressure_mmHg": 9.0582590139696,
  "mean_quasi_ivc_p_04_pressure_mmHg": 8.812119015008324,
  "min_quasi_ivc_p_04_pressure_mmHg": 8.763710585871335,
  "max_quasi_ivc_p_04_pressure_mmHg": 8.9275777241697,
  "mean_quasi_rpa_p_01_pressure_mmHg": 8.437247113425448,
  "min_quasi_rpa_p_01_pressure_mmHg": 8.355960354031398,
  "max_quasi_rpa_p_01_pressure_mmHg": 8.648241464025359,
  "mean_quasi_rpa_p_02_pressure_mmHg": 8.28971124510242,
  "min_quasi_rpa_p_02_pressure_mmHg": 8.188813627795614,
  "max_quasi_rpa_p_02_pressure_mmHg": 8.550987329685356,
  "mean_quasi_lpa_p_01_pressure_mmHg": 8.531313720440227,
  "min_quasi_lpa_p_01_pressure_mmHg": 8.438360900737951,
  "max_quasi_lpa_p_01_pressure_mmHg": 8.70627092164719,
  "mean_quasi_lpa_p_02_pressure_mmHg": 8.365289610658474,
  "min_quasi_lpa_p_02_pressure_mmHg": 8.226489688992134,
  "max_quasi_lpa_p_02_pressure_mmHg": 8.561788193210997,
  "mean_quasi_lpa_p_03_pressure_mmHg": 8.222255478063556,
  "min_quasi_lpa_p_03_pressure_mmHg": 8.04725343869691,
  "max_quasi_lpa_p_03_pressure_mmHg": 8.437034334878758,
  "mean_right_lung_pressure_mid_mmHg": 6.157064389637504,
  "min_right_lung_pressure_mid_mmHg": 5.705653693390329,
  "max_right_lung_pressure_mid_mmHg": 7.20263108738802,
  "mean_left_lung_pressure_mid_mmHg": 6.157095309595374,
  "min_left_lung_pressure_mid_mmHg": 5.839665526746887,
  "max_left_lung_pressure_mid_mmHg": 6.943136742411652,
  "mean_active_atrium_volume_ml": 76.80369924345729,
  "min_active_atrium_volume_ml": 58.65172262173187,
  "max_active_atrium_volume_ml": 88.94928387631593,
  "max_active_atrium_activation": 0.9999906897502774,
  "min_active_atrium_elastance": 16665250.0,
  "max_active_atrium_elastance": 66660534.52708243,
  "EDV_ml": 72.9008390163591,
  "ESV_ml": 37.15746920588858,
  "SV_from_volume_ml": 35.74336981047052,
  "periodicity_cavity_volume": 0.005927729779162183,
  "integral_valve_atrium.flux_ml": 35.693221305631006,
  "CO_from_valve_atrium.flux_L_min": 2.4902198900892842,
  "periodicity_valve_atrium.flux": 0.0001257797814409301,
  "integral_valve_arterial.flux_ml": 35.69349838075927,
  "CO_from_valve_arterial.flux_L_min": 2.504903351989963,
  "periodicity_valve_arterial.flux": 0.0050584867488982065,
  "mean_arch_bca.flow_ml_s": 10.211514727764023,
  "integral_arch_bca.flow_ml": 8.706996055163529,
  "mean_upper_bca_to_ca1.flow_ml_s": 10.203173697193588,
  "integral_upper_bca_to_ca1.flow_ml": 8.70718675177229,
  "mean_arch_lcca.flow_ml_s": 5.2189039665998145,
  "integral_arch_lcca.flow_ml": 4.450728647256239,
  "mean_upper_lcca_to_ca1.flow_ml_s": 5.215692984545022,
  "integral_upper_lcca_to_ca1.flow_ml": 4.450817151515359,
  "mean_arch_lsa.flow_ml_s": 5.2189039665998145,
  "integral_arch_lsa.flow_ml": 4.450728647256239,
  "mean_upper_lsa_to_ca1.flow_ml_s": 5.215692984545022,
  "integral_upper_lsa_to_ca1.flow_ml": 4.450817151515359,
  "mean_upper_rc1.flow_ml_s": 20.52538971019837,
  "integral_upper_rc1.flow_ml": 17.611130960213636,
  "mean_upper_rv1.flow_ml_s": 20.54731053891008,
  "integral_upper_rv1.flow_ml": 17.629762171097582,
  "mean_lower_ra4.flow_ml_s": 21.09361323376259,
  "integral_lower_ra4.flow_ml": 18.08516799094664,
  "mean_lower_rc2.flow_ml_s": 21.08170531543209,
  "integral_lower_rc2.flow_ml": 18.084518076165402,