{
  "CO_from_valve_arterial.flux_L_min": 2.6340836492227115,
  "CO_from_valve_atrium.flux_L_min": 2.6161241914138573,
  "EDV_ml": 70.2898707295549,
  "ESV_ml": 32.74566465138098,
  "SV_from_volume_ml": 37.54420607817393,
  "aao_arch_cycle_storage_ml": -0.00032931595064154785,
  "aao_arch_mass_balance_rel": 4.389983109780859e-06,
  "atrium_cycle_balance_rel": 0.00013287047583424459,
  "dao_cycle_storage_ml": -0.0002854433587485736,
  "dao_mass_balance_rel": 7.0781395277093545e-06,
  "integral_aao_arch_inlet_flow_ml": 37.5074911122079,
  "integral_aao_arch_outlet_flow_ml": 37.50782042815854,
  "integral_arch_bca.flow_ml": 8.578502461082552,
  "integral_arch_lcca.flow_ml": 4.3850412452174865,
  "integral_arch_lsa.flow_ml": 4.3850412452174865,
  "integral_dao_inlet_flow_ml": 20.16358516359667,
  "integral_dao_outlet_flow_ml": 20.16387060695542,
  "integral_fenestration.flow_ml": 3.457212743387772e-06,
  "integral_ivc_inlet_flow_ml": 20.123764970093198,
  "integral_ivc_outlet_flow_ml": 20.122910187056544,
  "integral_left_lung.flow_ml": 15.343430044741492,
  "integral_left_lung_dist.flow_ml": 15.343430044741492,
  "integral_left_lung_prox.flow_ml": 15.349706496355937,
  "integral_lower_ra4.flow_ml": 20.17034159205904,
  "integral_lower_rc2.flow_ml": 20.196007295405497,
  "integral_lower_rv2.flow_ml": 20.1897996257689,
  "integral_lpa_inlet_flow_ml": 15.352316741074285,
  "integral_lpa_outlet_flow_ml": 15.352276403751306,
  "integral_quasi_aao_arch_rl_01.flux_ml": 37.5074911122079,
  "integral_quasi_aao_arch_rl_02.flux_ml": 37.50743819339204,
  "integral_quasi_aao_arch_rl_03.flux_ml": 37.50735124531838,
  "integral_quasi_aao_arch_rl_04.flux_ml": 37.50782042815854,
  "integral_quasi_dao_rl_01.flux_ml": 20.16358516359667,
  "integral_quasi_dao_rl_02.flux_ml": 20.163649386332626,
  "integral_quasi_dao_rl_03.flux_ml": 20.16372290183866,
  "integral_quasi_dao_rl_04.flux_ml": 20.163783941631984,
  "integral_quasi_dao_rl_05.flux_ml": 20.163825018241248,
  "integral_quasi_dao_rl_06.flux_ml": 20.16387060695542,
  "integral_quasi_ivc_rl_01.flux_ml": 20.123764970093198,
  "integral_quasi_ivc_rl_02.flux_ml": 20.1234961816477,
  "integral_quasi_ivc_rl_03.flux_ml": 20.123265267584014,
  "integral_quasi_ivc_rl_04.flux_ml": 20.123070486056626,
  "integral_quasi_ivc_rl_05.flux_ml": 20.122910187056544,
  "integral_quasi_lpa_rl_01.flux_ml": 15.352316741074285,
  "integral_quasi_lpa_rl_02.flux_ml": 15.35229521625189,
  "integral_quasi_lpa_rl_03.flux_ml": 15.352282796614226,
  "integral_quasi_lpa_rl_04.flux_ml": 15.352276403751306,
  "integral_quasi_rpa_rl_01.flux_ml": 22.173123251984865,
  "integral_quasi_rpa_rl_02.flux_ml": 22.17310851297657,
  "integral_quasi_rpa_rl_03.flux_ml": 22.173093935525554,
  "integral_quasi_svc_rl_01.flux_ml": 17.40303851512916,
  "integral_quasi_svc_rl_02.flux_ml": 17.40299926024868,
  "integral_quasi_svc_rl_03.flux_ml": 17.4029665564627,
  "integral_right_lung.flow_ml": 22.164375000631537,
  "integral_right_lung_dist.flow_ml": 22.164375000631537,
  "integral_right_lung_prox.flow_ml": 22.170522759382994,
  "integral_rpa_inlet_flow_ml": 22.173123251984865,
  "integral_rpa_outlet_flow_ml": 22.173093935525554,
  "integral_svc_inlet_flow_ml": 17.40303851512916,
  "integral_svc_outlet_flow_ml": 17.4029665564627,
  "integral_upper_bca_to_ca1.flow_ml": 8.581251407385379,
  "integral_upper_lcca_to_ca1.flow_ml": 4.386411725573209,
  "integral_upper_lsa_to_ca1.flow_ml": 4.386411725573209,
  "integral_upper_rc1.flow_ml": 17.370463804861835,
  "integral_upper_rv1.flow_ml": 17.43076771203852,
  "integral_valve_arterial.flux_ml": 37.50350303408685,
  "integral_valve_atrium.flux_ml": 37.497842466051175,
  "ivc_cycle_storage_ml": 0.0008547830366530714,
  "ivc_mass_balance_rel": 2.1238600040728638e-05,
  "lpa_cycle_storage_ml": 4.033732297969517e-05,
  "lpa_mass_balance_rel": 1.3137227641519552e-06,
  "max_aao_pressure_mmHg": 52.17313960625832,
  "max_active_atrium_activation": 0.9999906897502774,
  "max_active_atrium_elastance": 66660534.52708243,
  "max_active_atrium_volume_ml": 85.89132888735195,
  "max_aortic_arch_pressure_mmHg": 52.864198785832954,
  "max_atrial_pressure_mmHg": 8.694675145084933,
  "max_bca_pressure_mmHg": 51.42581607899771,
  "max_cavity_pressure_mmHg": 53.33149429207232,
  "max_dao_pressure_mmHg": 55.7390893592841,
  "max_ivc_pressure_mmHg": 8.85108532996865,
  "max_lcca_pressure_mmHg": 51.80778359826736,
  "max_left_lung_pressure_mid_mmHg": 7.001690810465048,
  "max_lower_art_pressure_mmHg": 40.00352820270706,
  "max_lower_ven_pressure_mmHg": 14.560234754807961,
  "max_lpa_pressure_mmHg": 7.835654042191249,
  "max_lsa_pressure_mmHg": 51.80778359826736,
  "max_quasi_aao_arch_p_01_pressure_mmHg": 51.90879291370236,
  "max_quasi_aao_arch_p_02_pressure_mmHg": 51.57055833881334,
  "max_quasi_aao_arch_p_03_pressure_mmHg": 51.84976242644438,
  "max_quasi_dao_p_01_pressure_mmHg": 51.719297217233226,
  "max_quasi_dao_p_02_pressure_mmHg": 50.50177540018102,
  "max_quasi_dao_p_03_pressure_mmHg": 51.0879823497528,
  "max_quasi_dao_p_04_pressure_mmHg": 52.039568725246205,
  "max_quasi_dao_p_05_pressure_mmHg": 53.70921332393924,
  "max_quasi_ivc_p_01_pressure_mmHg": 8.77466228266472,
  "max_quasi_ivc_p_02_pressure_mmHg": 8.690601019311858,
  "max_quasi_ivc_p_03_pressure_mmHg": 8.580048952080556,
  "max_quasi_ivc_p_04_pressure_mmHg": 8.431535264629495,
  "max_quasi_lpa_p_01_pressure_mmHg": 8.185666705488345,
  "max_quasi_lpa_p_02_pressure_mmHg": 8.036305757226074,
  "max_quasi_lpa_p_03_pressure_mmHg": 7.9059468287985375,
  "max_quasi_rpa_p_01_pressure_mmHg": 8.120208635899512,
  "max_quasi_rpa_p_02_pressure_mmHg": 8.015520078661954,
  "max_quasi_svc_p_01_pressure_mmHg": 8.832563906272641,
  "max_quasi_svc_p_02_pressure_mmHg": 8.617889163341571,
  "max_right_lung_pressure_mid_mmHg": 7.17547122598429,
  "max_rpa_pressure_mmHg": 7.912232956163088,
  "max_svc_pressure_mmHg": 8.971076251039937,
  "max_tcpc_pressure_mmHg": 8.227856232800663,
  "max_upper_art_pressure_mmHg": 43.64683730929035,
  "max_upper_ven_pressure_mmHg": 19.184874705447218,
  "mean_aao_arch_inlet_flow_ml_s": 43.99690736661998,
  "mean_aao_arch_outlet_flow_ml_s": 43.99997085805351,
  "mean_aao_pressure_mmHg": 47.06927905012141,
  "mean_active_atrium_volume_ml": 72.78069219436988,
  "mean_aortic_arch_pressure_mmHg": 47.05642986490286,
  "mean_arch_bca.flow_ml_s": 9.996537975880694,
  "mean_arch_lcca.flow_ml_s": 5.110837722622984,
  "mean_arch_lsa.flow_ml_s": 5.110837722622984,
  "mean_atrial_pressure_mmHg": 4.809244001279449,
  "mean_bca_pressure_mmHg": 46.65656928168754,
  "mean_cavity_pressure_mmHg": 24.594552545796592,
  "mean_dao_inlet_flow_ml_s": 23.795099315190978,
  "mean_dao_outlet_flow_ml_s": 23.79288392055453,
  "mean_dao_pressure_mmHg": 46.96344786418281,
  "mean_fenestration.flow_ml_s": 4.029415787533391e-06,
  "mean_ivc_inlet_flow_ml_s": 23.459587370157294,
  "mean_ivc_outlet_flow_ml_s": 23.458625107263433,
  "mean_ivc_pressure_mmHg": 8.838650358529307,
  "mean_lcca_pressure_mmHg": 46.74978031921748,
  "mean_left_lung.flow_ml_s": 17.87783839194638,
  "mean_left_lung_dist.flow_ml_s": 17.87783839194638,
  "mean_left_lung_pressure_mid_mmHg": 6.4826057584875425,
  "mean_left_lung_prox.flow_ml_s": 17.891003786265664,
  "mean_lower_art_pressure_mmHg": 39.34114147077128,
  "mean_lower_ra4.flow_ml_s": 23.525692075290955,
  "mean_lower_rc2.flow_ml_s": 23.5370245415465,
  "mean_lower_rv2.flow_ml_s": 23.531175543089187,
  "mean_lower_ven_pressure_mmHg": 14.556712633144437,
  "mean_lpa_inlet_flow_ml_s": 17.895006629753293,
  "mean_lpa_outlet_flow_ml_s": 17.89495154815414,
  "mean_lpa_pressure_mmHg": 7.599001781975808,
  "mean_lsa_pressure_mmHg": 46.74978031921748,
  "mean_quasi_aao_arch_p_01_pressure_mmHg": 47.06770742256224,
  "mean_quasi_aao_arch_p_02_pressure_mmHg": 47.06541182235333,
  "mean_quasi_aao_arch_p_03_pressure_mmHg": 47.062006047991936,
  "mean_quasi_aao_arch_rl_01.flux_ml_s": 43.99690736661998,
  "mean_quasi_aao_arch_rl_02.flux_ml_s": 43.99857362003849,