{
  "CO_from_valve_arterial.flux_L_min": 2.639659616577372,
  "CO_from_valve_atrium.flux_L_min": 2.621610485061184,
  "EDV_ml": 70.46994754312597,
  "ESV_ml": 32.8471351247593,
  "SV_from_volume_ml": 37.62281241836667,
  "aao_arch_cycle_storage_ml": -0.0002853116240782009,
  "aao_arch_mass_balance_rel": 3.7954536054618643e-06,
  "atrium_cycle_balance_rel": 0.0001331565763956911,
  "dao_cycle_storage_ml": -0.0002861990057414414,
  "dao_mass_balance_rel": 7.079949670185821e-06,
  "integral_aao_arch_inlet_flow_ml": 37.585829105748495,
  "integral_aao_arch_outlet_flow_ml": 37.58611441737257,
  "integral_arch_bca.flow_ml": 8.593405989886621,
  "integral_arch_lcca.flow_ml": 4.3926608609728035,
  "integral_arch_lsa.flow_ml": 4.3926608609728035,
  "integral_dao_inlet_flow_ml": 20.211794772002495,
  "integral_dao_outlet_flow_ml": 20.212080971008238,
  "integral_fenestration.flow_ml": 0.678358858543195,
  "integral_ivc_inlet_flow_ml": 19.494458753312905,
  "integral_ivc_outlet_flow_ml": 19.493615940197667,
  "integral_left_lung.flow_ml": 15.098113129124991,
  "integral_left_lung_dist.flow_ml": 15.098113129124991,
  "integral_left_lung_prox.flow_ml": 15.104368484264944,
  "integral_lower_ra4.flow_ml": 20.218514451236718,
  "integral_lower_rc2.flow_ml": 20.243841552377294,
  "integral_lower_rv2.flow_ml": 20.23783860284718,
  "integral_lpa_inlet_flow_ml": 15.106955153089586,
  "integral_lpa_outlet_flow_ml": 15.106915228119167,
  "integral_quasi_aao_arch_rl_01.flux_ml": 37.585829105748495,
  "integral_quasi_aao_arch_rl_02.flux_ml": 37.585865863798745,
  "integral_quasi_aao_arch_rl_03.flux_ml": 37.586032814257095,
  "integral_quasi_aao_arch_rl_04.flux_ml": 37.58611441737257,
  "integral_quasi_dao_rl_01.flux_ml": 20.211794772002495,
  "integral_quasi_dao_rl_02.flux_ml": 20.211864318465796,
  "integral_quasi_dao_rl_03.flux_ml": 20.2119290108584,
  "integral_quasi_dao_rl_04.flux_ml": 20.21199687509961,
  "integral_quasi_dao_rl_05.flux_ml": 20.212035438232146,
  "integral_quasi_dao_rl_06.flux_ml": 20.212080971008238,
  "integral_quasi_ivc_rl_01.flux_ml": 19.494458753312905,
  "integral_quasi_ivc_rl_02.flux_ml": 19.4941939686391,
  "integral_quasi_ivc_rl_03.flux_ml": 19.493966368907834,
  "integral_quasi_ivc_rl_04.flux_ml": 19.493774235940766,
  "integral_quasi_ivc_rl_05.flux_ml": 19.493615940197667,
  "integral_quasi_lpa_rl_01.flux_ml": 15.106955153089586,
  "integral_quasi_lpa_rl_02.flux_ml": 15.106933857207373,
  "integral_quasi_lpa_rl_03.flux_ml": 15.106921561287047,
  "integral_quasi_lpa_rl_04.flux_ml": 15.106915228119167,
  "integral_quasi_rpa_rl_01.flux_ml": 21.81871758916232,
  "integral_quasi_rpa_rl_02.flux_ml": 21.818703000185284,
  "integral_quasi_rpa_rl_03.flux_ml": 21.81868856206128,
  "integral_quasi_svc_rl_01.flux_ml": 17.432559978419253,
  "integral_quasi_svc_rl_02.flux_ml": 17.432521176840094,
  "integral_quasi_svc_rl_03.flux_ml": 17.432488840776323,
  "integral_right_lung.flow_ml": 21.8100158284675,
  "integral_right_lung_dist.flow_ml": 21.8100158284675,
  "integral_right_lung_prox.flow_ml": 21.81614033684136,
  "integral_rpa_inlet_flow_ml": 21.81871758916232,
  "integral_rpa_outlet_flow_ml": 21.81868856206128,
  "integral_svc_inlet_flow_ml": 17.432559978419253,
  "integral_svc_outlet_flow_ml": 17.432488840776323,
  "integral_upper_bca_to_ca1.flow_ml": 8.596094187170646,
  "integral_upper_lcca_to_ca1.flow_ml": 4.39399949807584,
  "integral_upper_lsa_to_ca1.flow_ml": 4.39399949807584,
  "integral_upper_rc1.flow_ml": 17.40026441917103,
  "integral_upper_rv1.flow_ml": 17.459963340927878,
  "integral_valve_arterial.flux_ml": 37.58203094712764,
  "integral_valve_atrium.flux_ml": 37.57647937275294,
  "ivc_cycle_storage_ml": 0.0008428131152373895,
  "ivc_mass_balance_rel": 2.161720274317766e-05,
  "lpa_cycle_storage_ml": 3.992497042064162e-05,
  "lpa_mass_balance_rel": 1.321411984482173e-06,
  "max_aao_pressure_mmHg": 52.233790652914294,
  "max_active_atrium_activation": 0.9999906897502774,
  "max_active_atrium_elastance": 66660534.52708243,
  "max_active_atrium_volume_ml": 86.2405308020851,
  "max_aortic_arch_pressure_mmHg": 52.91597796588142,
  "max_atrial_pressure_mmHg": 8.804772204576055,
  "max_bca_pressure_mmHg": 51.47876361030106,
  "max_cavity_pressure_mmHg": 53.38023964027603,
  "max_dao_pressure_mmHg": 55.80982690832455,
  "max_ivc_pressure_mmHg": 8.82113041678694,
  "max_lcca_pressure_mmHg": 51.86035430268497,
  "max_left_lung_pressure_mid_mmHg": 7.029352577426691,
  "max_lower_art_pressure_mmHg": 40.046978337207506,
  "max_lower_ven_pressure_mmHg": 14.544018727705264,
  "max_lpa_pressure_mmHg": 7.842069540723603,
  "max_lsa_pressure_mmHg": 51.86035430268497,
  "max_quasi_aao_arch_p_01_pressure_mmHg": 51.96496584401751,
  "max_quasi_aao_arch_p_02_pressure_mmHg": 51.64487275507288,
  "max_quasi_aao_arch_p_03_pressure_mmHg": 51.8992470619933,
  "max_quasi_dao_p_01_pressure_mmHg": 51.770271497359055,
  "max_quasi_dao_p_02_pressure_mmHg": 50.568209157972824,
  "max_quasi_dao_p_03_pressure_mmHg": 51.15628404651992,
  "max_quasi_dao_p_04_pressure_mmHg": 52.109617839613165,
  "max_quasi_dao_p_05_pressure_mmHg": 53.77835340446666,
  "max_quasi_ivc_p_01_pressure_mmHg": 8.748717611306143,
  "max_quasi_ivc_p_02_pressure_mmHg": 8.668418996713461,
  "max_quasi_ivc_p_03_pressure_mmHg": 8.562641611827898,
  "max_quasi_ivc_p_04_pressure_mmHg": 8.420391825918532,
  "max_quasi_lpa_p_01_pressure_mmHg": 8.184187462221121,
  "max_quasi_lpa_p_02_pressure_mmHg": 8.03815754322825,
  "max_quasi_lpa_p_03_pressure_mmHg": 7.910635277522004,
  "max_quasi_rpa_p_01_pressure_mmHg": 8.120732698842223,
  "max_quasi_rpa_p_02_pressure_mmHg": 8.019295577201943,
  "max_quasi_svc_p_01_pressure_mmHg": 8.82858674742181,
  "max_quasi_svc_p_02_pressure_mmHg": 8.614365720852987,
  "max_right_lung_pressure_mid_mmHg": 7.206641628148945,
  "max_rpa_pressure_mmHg": 7.919267088321374,
  "max_svc_pressure_mmHg": 8.96707576417993,
  "max_tcpc_pressure_mmHg": 8.225146034566608,
  "max_upper_art_pressure_mmHg": 43.701546921140555,
  "max_upper_ven_pressure_mmHg": 19.19787941035023,
  "mean_aao_arch_inlet_flow_ml_s": 44.08883872316829,
  "mean_aao_arch_outlet_flow_ml_s": 44.09180903688033,
  "mean_aao_pressure_mmHg": 47.13017608961919,
  "mean_active_atrium_volume_ml": 73.08312838909893,
  "mean_aortic_arch_pressure_mmHg": 47.117316738880405,
  "mean_arch_bca.flow_ml_s": 10.014092452707924,
  "mean_arch_lcca.flow_ml_s": 5.119803924102033,
  "mean_arch_lsa.flow_ml_s": 5.119803924102033,
  "mean_atrial_pressure_mmHg": 4.855633855632774,
  "mean_bca_pressure_mmHg": 46.716753978235346,
  "mean_cavity_pressure_mmHg": 24.661083920506453,
  "mean_dao_inlet_flow_ml_s": 23.851419829834178,
  "mean_dao_outlet_flow_ml_s": 23.849199021348653,
  "mean_dao_pressure_mmHg": 47.02407124916746,
  "mean_fenestration.flow_ml_s": 0.7906350334346968,
  "mean_ivc_inlet_flow_ml_s": 22.72611330369626,
  "mean_ivc_outlet_flow_ml_s": 22.72516580067323,
  "mean_ivc_pressure_mmHg": 8.808799770953224,
  "mean_lcca_pressure_mmHg": 46.81012922236534,
  "mean_left_lung.flow_ml_s": 17.591962281798796,
  "mean_left_lung_dist.flow_ml_s": 17.591962281798796,
  "mean_left_lung_pressure_mid_mmHg": 6.502237671554417,
  "mean_left_lung_prox.flow_ml_s": 17.605052533369626,
  "mean_lower_art_pressure_mmHg": 39.38360010540175,
  "mean_lower_ra4.flow_ml_s": 23.581756250804382,
  "mean_lower_rc2.flow_ml_s": 23.592772644840792,
  "mean_lower_rv2.flow_ml_s": 23.587169940898523,
  "mean_lower_ven_pressure_mmHg": 14.540468652391588,
  "mean_lpa_inlet_flow_ml_s": 17.609002527182934,
  "mean_lpa_outlet_flow_ml_s": 17.608948150898154,
  "mean_lpa_pressure_mmHg": 7.60079037862185,
  "mean_lsa_pressure_mmHg": 46.81012922236534,
  "mean_quasi_aao_arch_p_01_pressure_mmHg": 47.128599840270255,
  "mean_quasi_aao_arch_p_02_pressure_mmHg": 47.126345354539396,
  "mean_quasi_aao_arch_p_03_pressure_mmHg": 47.12284741591995,
  "mean_quasi_aao_arch_rl_01.flux_ml_s": 44.08883872316829,
  "mean_quasi_aao_arch_rl_02.flux_ml_s": 44.090534383277046,