{
  "CO_from_valve_arterial.flux_L_min": 2.477743742886946,
  "CO_from_valve_atrium.flux_L_min": 2.4604367831824754,
  "EDV_ml": 70.24152989133799,
  "ESV_ml": 34.92894535687653,
  "SV_from_volume_ml": 35.31258453446146,
  "aao_arch_cycle_storage_ml": -0.0006668834458316503,
  "aao_arch_mass_balance_rel": 9.452073801253566e-06,
  "atrium_cycle_balance_rel": 0.00014798369735976308,
  "dao_cycle_storage_ml": -0.00031316073007475265,
  "dao_mass_balance_rel": 8.702493658912418e-06,
  "integral_aao_arch_inlet_flow_ml": 35.27676340731744,
  "integral_aao_arch_outlet_flow_ml": 35.27743029076328,
  "integral_arch_bca.flow_ml": 8.549533658881517,
  "integral_arch_lcca.flow_ml": 4.3702325518785505,
  "integral_arch_lsa.flow_ml": 4.3702325518785505,
  "integral_dao_inlet_flow_ml": 17.992429357651435,
  "integral_dao_outlet_flow_ml": 17.99274251838151,
  "integral_fenestration.flow_ml": 0.6952027717413858,
  "integral_ivc_inlet_flow_ml": 17.259252018137346,
  "integral_ivc_outlet_flow_ml": 17.258314013721282,
  "integral_left_lung.flow_ml": 14.146206666387622,
  "integral_left_lung_dist.flow_ml": 14.146206666387622,
  "integral_left_lung_prox.flow_ml": 14.15268319601824,
  "integral_lower_ra4.flow_ml": 17.99999506799695,
  "integral_lower_rc2.flow_ml": 18.029601271302738,
  "integral_lower_rv2.flow_ml": 18.026602732254574,
  "integral_lpa_inlet_flow_ml": 14.15556927063367,
  "integral_lpa_outlet_flow_ml": 14.155524589856688,
  "integral_quasi_aao_arch_rl_01.flux_ml": 35.27676340731744,
  "integral_quasi_aao_arch_rl_02.flux_ml": 35.27739637526122,
  "integral_quasi_aao_arch_rl_03.flux_ml": 35.277388501328055,
  "integral_quasi_aao_arch_rl_04.flux_ml": 35.27743029076328,
  "integral_quasi_dao_rl_01.flux_ml": 17.992429357651435,
  "integral_quasi_dao_rl_02.flux_ml": 17.992498217602527,
  "integral_quasi_dao_rl_03.flux_ml": 17.99258706332544,
  "integral_quasi_dao_rl_04.flux_ml": 17.992642370810053,
  "integral_quasi_dao_rl_05.flux_ml": 17.99269569680879,
  "integral_quasi_dao_rl_06.flux_ml": 17.99274251838151,
  "integral_quasi_ivc_rl_01.flux_ml": 17.259252018137346,
  "integral_quasi_ivc_rl_02.flux_ml": 17.258957926761184,
  "integral_quasi_ivc_rl_03.flux_ml": 17.258704814599618,
  "integral_quasi_ivc_rl_04.flux_ml": 17.258490779828495,
  "integral_quasi_ivc_rl_05.flux_ml": 17.258314013721282,
  "integral_quasi_lpa_rl_01.flux_ml": 14.15556927063367,
  "integral_quasi_lpa_rl_02.flux_ml": 14.155545412834476,
  "integral_quasi_lpa_rl_03.flux_ml": 14.1555316617001,
  "integral_quasi_lpa_rl_04.flux_ml": 14.155524589856688,
  "integral_quasi_rpa_rl_01.flux_ml": 20.44455111051137,
  "integral_quasi_rpa_rl_02.flux_ml": 20.444534787041825,
  "integral_quasi_rpa_rl_03.flux_ml": 20.444518660010154,
  "integral_quasi_svc_rl_01.flux_ml": 17.342372679842132,
  "integral_quasi_svc_rl_02.flux_ml": 17.34232760388017,
  "integral_quasi_svc_rl_03.flux_ml": 17.342290570082493,
  "integral_right_lung.flow_ml": 20.43535249656074,
  "integral_right_lung_dist.flow_ml": 20.43535249656074,
  "integral_right_lung_prox.flow_ml": 20.441677190184276,
  "integral_rpa_inlet_flow_ml": 20.44455111051137,
  "integral_rpa_outlet_flow_ml": 20.444518660010154,
  "integral_svc_inlet_flow_ml": 17.342372679842132,
  "integral_svc_outlet_flow_ml": 17.342290570082493,
  "integral_upper_bca_to_ca1.flow_ml": 8.552580225919925,
  "integral_upper_lcca_to_ca1.flow_ml": 4.371752328799946,
  "integral_upper_lsa_to_ca1.flow_ml": 4.371752328799946,
  "integral_upper_rc1.flow_ml": 17.31390742993227,
  "integral_upper_rv1.flow_ml": 17.374509802066505,
  "integral_valve_arterial.flux_ml": 35.27292759568203,
  "integral_valve_atrium.flux_ml": 35.26632270820098,
  "ivc_cycle_storage_ml": 0.0009380044160630795,
  "ivc_mass_balance_rel": 2.7174697519812266e-05,
  "lpa_cycle_storage_ml": 4.468077698192158e-05,
  "lpa_mass_balance_rel": 1.578207369892471e-06,
  "max_aao_pressure_mmHg": 51.68701029247569,
  "max_active_atrium_activation": 0.9999906897502774,
  "max_active_atrium_elastance": 66660534.52708243,
  "max_active_atrium_volume_ml": 84.81570485772501,
  "max_aortic_arch_pressure_mmHg": 52.27585217897822,
  "max_atrial_pressure_mmHg": 8.66552930855908,
  "max_bca_pressure_mmHg": 50.926677658050615,
  "max_cavity_pressure_mmHg": 52.751871003313966,
  "max_dao_pressure_mmHg": 55.31293212274295,
  "max_ivc_pressure_mmHg": 8.825847811414949,
  "max_lcca_pressure_mmHg": 51.284553043489026,
  "max_left_lung_pressure_mid_mmHg": 6.810835309614975,
  "max_lower_art_pressure_mmHg": 39.875971831288865,
  "max_lower_ven_pressure_mmHg": 14.535706568922128,
  "max_lpa_pressure_mmHg": 7.927727689610227,
  "max_lsa_pressure_mmHg": 51.284553043489026,
  "max_quasi_aao_arch_p_01_pressure_mmHg": 51.46090843013226,
  "max_quasi_aao_arch_p_02_pressure_mmHg": 51.13850530172037,
  "max_quasi_aao_arch_p_03_pressure_mmHg": 51.36189221727176,
  "max_quasi_dao_p_01_pressure_mmHg": 51.202799964873684,
  "max_quasi_dao_p_02_pressure_mmHg": 50.196260292529914,
  "max_quasi_dao_p_03_pressure_mmHg": 50.818446486007645,
  "max_quasi_dao_p_04_pressure_mmHg": 51.77567692485986,
  "max_quasi_dao_p_05_pressure_mmHg": 53.361232883034,
  "max_quasi_ivc_p_01_pressure_mmHg": 8.76088124079906,
  "max_quasi_ivc_p_02_pressure_mmHg": 8.688992039043727,
  "max_quasi_ivc_p_03_pressure_mmHg": 8.594438239980725,
  "max_quasi_ivc_p_04_pressure_mmHg": 8.467513528253061,
  "max_quasi_lpa_p_01_pressure_mmHg": 8.253155671259176,
  "max_quasi_lpa_p_02_pressure_mmHg": 8.113553300191246,
  "max_quasi_lpa_p_03_pressure_mmHg": 7.992576364756674,
  "max_quasi_rpa_p_01_pressure_mmHg": 8.19214035210883,
  "max_quasi_rpa_p_02_pressure_mmHg": 8.093090529328705,
  "max_quasi_svc_p_01_pressure_mmHg": 8.912106097166008,
  "max_quasi_svc_p_02_pressure_mmHg": 8.692385460052117,
  "max_right_lung_pressure_mid_mmHg": 7.0044167853705295,
  "max_rpa_pressure_mmHg": 7.995089900121242,
  "max_svc_pressure_mmHg": 9.052924712445474,
  "max_tcpc_pressure_mmHg": 8.293539996354582,
  "max_upper_art_pressure_mmHg": 43.60704295628898,
  "max_upper_ven_pressure_mmHg": 19.234697173669673,
  "mean_aao_arch_inlet_flow_ml_s": 41.37773667809894,
  "mean_aao_arch_outlet_flow_ml_s": 41.38104481136383,
  "mean_aao_pressure_mmHg": 47.027381826841584,
  "mean_active_atrium_volume_ml": 72.43070843347148,
  "mean_aortic_arch_pressure_mmHg": 47.01507574733111,
  "mean_arch_bca.flow_ml_s": 9.962092113219484,
  "mean_arch_lcca.flow_ml_s": 5.093076373975852,
  "mean_arch_lsa.flow_ml_s": 5.093076373975852,
  "mean_atrial_pressure_mmHg": 4.7635690826938895,
  "mean_bca_pressure_mmHg": 46.61659299539761,
  "mean_cavity_pressure_mmHg": 24.485339621186817,
  "mean_dao_inlet_flow_ml_s": 21.247412859146667,
  "mean_dao_outlet_flow_ml_s": 21.245019625938742,
  "mean_dao_pressure_mmHg": 46.9312870746395,
  "mean_fenestration.flow_ml_s": 0.8102811401335384,
  "mean_ivc_inlet_flow_ml_s": 20.120050786163674,
  "mean_ivc_outlet_flow_ml_s": 20.119011321772014,
  "mean_ivc_pressure_mmHg": 8.814965301613736,
  "mean_lcca_pressure_mmHg": 46.709491880070495,
  "mean_left_lung.flow_ml_s": 16.4829396753409,
  "mean_left_lung_dist.flow_ml_s": 16.4829396753409,
  "mean_left_lung_pressure_mid_mmHg": 6.242085311303628,
  "mean_left_lung_prox.flow_ml_s": 16.496129998098876,
  "mean_lower_art_pressure_mmHg": 39.31414616633165,
  "mean_lower_ra4.flow_ml_s": 20.99084748457191,
  "mean_lower_rc2.flow_ml_s": 21.012393311123443,
  "mean_lower_rv2.flow_ml_s": 21.009979675710444,
  "mean_lower_ven_pressure_mmHg": 14.533027987798583,
  "mean_lpa_inlet_flow_ml_s": 16.499654979232407,
  "mean_lpa_outlet_flow_ml_s": 16.49960240524078,
  "mean_lpa_pressure_mmHg": 7.721784709095711,
  "mean_lsa_pressure_mmHg": 46.709491880070495,
  "mean_quasi_aao_arch_p_01_pressure_mmHg": 47.025784837916284,
  "mean_quasi_aao_arch_p_02_pressure_mmHg": 47.02355892368595,
  "mean_quasi_aao_arch_p_03_pressure_mmHg": 47.02027914746841,
  "mean_quasi_aao_arch_rl_01.flux_ml_s": 41.37773667809894,
  "mean_quasi_aao_arch_rl_02.flux_ml_s": 41.37958040456927,