{
  "CO_from_valve_arterial.flux_L_min": 2.4652082192388796,
  "CO_from_valve_atrium.flux_L_min": 2.4478912520015226,
  "EDV_ml": 70.63801397097225,
  "ESV_ml": 35.50497031872593,
  "SV_from_volume_ml": 35.13304365224632,
  "aao_arch_cycle_storage_ml": -0.0004641168887129974,
  "aao_arch_mass_balance_rel": 6.611850810776101e-06,
  "atrium_cycle_balance_rel": 0.0001543677056562192,
  "dao_cycle_storage_ml": -0.00032323681953299504,
  "dao_mass_balance_rel": 8.861336309933715e-06,
  "integral_aao_arch_inlet_flow_ml": 35.09711828935541,
  "integral_aao_arch_outlet_flow_ml": 35.09758240624412,
  "integral_arch_bca.flow_ml": 8.338983388621832,
  "integral_arch_lcca.flow_ml": 4.26260551357547,
  "integral_arch_lsa.flow_ml": 4.26260551357547,
  "integral_dao_inlet_flow_ml": 18.238443046768072,
  "integral_dao_outlet_flow_ml": 18.238766283587605,
  "integral_fenestration.flow_ml": 0.6723386926813457,
  "integral_ivc_inlet_flow_ml": 17.52443692617419,
  "integral_ivc_outlet_flow_ml": 17.523468750806792,
  "integral_left_lung.flow_ml": 14.082211606876259,
  "integral_left_lung_dist.flow_ml": 14.082211606876259,
  "integral_left_lung_prox.flow_ml": 14.08920405506133,
  "integral_lower_ra4.flow_ml": 18.24606688486394,
  "integral_lower_rc2.flow_ml": 18.27566393255917,
  "integral_lower_rv2.flow_ml": 18.2712939874565,
  "integral_lpa_inlet_flow_ml": 14.092184107465775,
  "integral_lpa_outlet_flow_ml": 14.092138022553323,
  "integral_quasi_aao_arch_rl_01.flux_ml": 35.09711828935541,
  "integral_quasi_aao_arch_rl_02.flux_ml": 35.09743935449269,
  "integral_quasi_aao_arch_rl_03.flux_ml": 35.09775213982447,
  "integral_quasi_aao_arch_rl_04.flux_ml": 35.09758240624412,
  "integral_quasi_dao_rl_01.flux_ml": 18.238443046768072,
  "integral_quasi_dao_rl_02.flux_ml": 18.23851280568487,
  "integral_quasi_dao_rl_03.flux_ml": 18.238601717245317,
  "integral_quasi_dao_rl_04.flux_ml": 18.238664410485764,
  "integral_quasi_dao_rl_05.flux_ml": 18.238716988610335,
  "integral_quasi_dao_rl_06.flux_ml": 18.238766283587605,
  "integral_quasi_ivc_rl_01.flux_ml": 17.52443692617419,
  "integral_quasi_ivc_rl_02.flux_ml": 17.524133243534582,
  "integral_quasi_ivc_rl_03.flux_ml": 17.523871952080274,
  "integral_quasi_ivc_rl_04.flux_ml": 17.52365107889864,
  "integral_quasi_ivc_rl_05.flux_ml": 17.523468750806792,
  "integral_quasi_lpa_rl_01.flux_ml": 14.092184107465775,
  "integral_quasi_lpa_rl_02.flux_ml": 14.092159508875946,
  "integral_quasi_lpa_rl_03.flux_ml": 14.092145322370612,
  "integral_quasi_lpa_rl_04.flux_ml": 14.092138022553323,
  "integral_quasi_rpa_rl_01.flux_ml": 20.352579469459076,
  "integral_quasi_rpa_rl_02.flux_ml": 20.35256264351803,
  "integral_quasi_rpa_rl_03.flux_ml": 20.352546019404357,
  "integral_quasi_svc_rl_01.flux_ml": 16.92187818526675,
  "integral_quasi_svc_rl_02.flux_ml": 16.921831974207638,
  "integral_quasi_svc_rl_03.flux_ml": 16.921793926952965,
  "integral_right_lung.flow_ml": 20.342787766636143,
  "integral_right_lung_dist.flow_ml": 20.342787766636143,
  "integral_right_lung_prox.flow_ml": 20.349616647661804,
  "integral_rpa_inlet_flow_ml": 20.352579469459076,
  "integral_rpa_outlet_flow_ml": 20.352546019404357,
  "integral_svc_inlet_flow_ml": 16.92187818526675,
  "integral_svc_outlet_flow_ml": 16.921793926952965,
  "integral_upper_bca_to_ca1.flow_ml": 8.342050972430544,
  "integral_upper_lcca_to_ca1.flow_ml": 4.264136684282181,
  "integral_upper_lsa_to_ca1.flow_ml": 4.264136684282181,
  "integral_upper_rc1.flow_ml": 16.8885582303162,
  "integral_upper_rv1.flow_ml": 16.954778925607215,
  "integral_valve_arterial.flux_ml": 35.09311999636908,
  "integral_valve_atrium.flux_ml": 35.0865039475278,
  "ivc_cycle_storage_ml": 0.0009681753673987793,
  "ivc_mass_balance_rel": 2.762434298626409e-05,
  "lpa_cycle_storage_ml": 4.608491245172328e-05,
  "lpa_mass_balance_rel": 1.6351258063788292e-06,
  "max_aao_pressure_mmHg": 52.07392097601065,
  "max_active_atrium_activation": 0.9999906897502774,
  "max_active_atrium_elastance": 66660534.52708243,
  "max_active_atrium_volume_ml": 85.17785650087362,
  "max_aortic_arch_pressure_mmHg": 52.62529668215392,
  "max_atrial_pressure_mmHg": 8.91128219128464,
  "max_bca_pressure_mmHg": 51.25948251212121,
  "max_cavity_pressure_mmHg": 53.08406071440673,
  "max_dao_pressure_mmHg": 55.708149625311684,
  "max_ivc_pressure_mmHg": 8.73109515912598,
  "max_lcca_pressure_mmHg": 51.62180582163001,
  "max_left_lung_pressure_mid_mmHg": 7.012441983635845,
  "max_lower_art_pressure_mmHg": 40.19428186231785,
  "max_lower_ven_pressure_mmHg": 14.51787036786725,
  "max_lpa_pressure_mmHg": 7.8522028488533815,
  "max_lsa_pressure_mmHg": 51.62180582163001,
  "max_quasi_aao_arch_p_01_pressure_mmHg": 51.85088901310691,
  "max_quasi_aao_arch_p_02_pressure_mmHg": 51.53091017235382,
  "max_quasi_aao_arch_p_03_pressure_mmHg": 51.735674776197975,
  "max_quasi_dao_p_01_pressure_mmHg": 51.55921196717588,
  "max_quasi_dao_p_02_pressure_mmHg": 50.610916908016904,
  "max_quasi_dao_p_03_pressure_mmHg": 51.23422982307057,
  "max_quasi_dao_p_04_pressure_mmHg": 52.19625709042917,
  "max_quasi_dao_p_05_pressure_mmHg": 53.76756286296118,
  "max_quasi_ivc_p_01_pressure_mmHg": 8.665562974348827,
  "max_quasi_ivc_p_02_pressure_mmHg": 8.594284914237052,
  "max_quasi_ivc_p_03_pressure_mmHg": 8.500453290990814,
  "max_quasi_ivc_p_04_pressure_mmHg": 8.374284910144738,
  "max_quasi_lpa_p_01_pressure_mmHg": 8.164276897116522,
  "max_quasi_lpa_p_02_pressure_mmHg": 8.030787394758194,
  "max_quasi_lpa_p_03_pressure_mmHg": 7.914249715448063,
  "max_quasi_rpa_p_01_pressure_mmHg": 8.103866957179077,
  "max_quasi_rpa_p_02_pressure_mmHg": 8.009282262928975,
  "max_quasi_svc_p_01_pressure_mmHg": 8.790673224213256,
  "max_quasi_svc_p_02_pressure_mmHg": 8.581301570836285,
  "max_right_lung_pressure_mid_mmHg": 7.190086390247645,
  "max_rpa_pressure_mmHg": 7.91601128459829,
  "max_svc_pressure_mmHg": 8.92644190757981,
  "max_tcpc_pressure_mmHg": 8.201132314330454,
  "max_upper_art_pressure_mmHg": 43.95403568434541,
  "max_upper_ven_pressure_mmHg": 19.258002931095948,
  "mean_aao_arch_inlet_flow_ml_s": 41.167579804240184,
  "mean_aao_arch_outlet_flow_ml_s": 41.17093431110181,
  "mean_aao_pressure_mmHg": 47.452823972436335,
  "mean_active_atrium_volume_ml": 72.58726599734271,
  "mean_aortic_arch_pressure_mmHg": 47.44064897441039,
  "mean_arch_bca.flow_ml_s": 9.71686406013871,
  "mean_arch_lcca.flow_ml_s": 4.967654394154236,
  "mean_arch_lsa.flow_ml_s": 4.967654394154236,
  "mean_atrial_pressure_mmHg": 4.80124731109178,
  "mean_bca_pressure_mmHg": 47.03642837553254,
  "mean_cavity_pressure_mmHg": 24.734719282245337,
  "mean_dao_inlet_flow_ml_s": 21.53250633992466,
  "mean_dao_outlet_flow_ml_s": 21.53004193874634,
  "mean_dao_pressure_mmHg": 47.355555450192426,
  "mean_fenestration.flow_ml_s": 0.7836532224337177,
  "mean_ivc_inlet_flow_ml_s": 20.429345158932065,
  "mean_ivc_outlet_flow_ml_s": 20.42827370588749,
  "mean_ivc_pressure_mmHg": 8.719504253107091,
  "mean_lcca_pressure_mmHg": 47.13066806568377,
  "mean_left_lung.flow_ml_s": 16.410238357819107,
  "mean_left_lung_dist.flow_ml_s": 16.410238357819107,
  "mean_left_lung_pressure_mid_mmHg": 6.490841498144929,
  "mean_left_lung_prox.flow_ml_s": 16.42199647869455,
  "mean_lower_art_pressure_mmHg": 39.634522484117134,
  "mean_lower_ra4.flow_ml_s": 21.277146814688862,
  "mean_lower_rc2.flow_ml_s": 21.2991782475934,
  "mean_lower_rv2.flow_ml_s": 21.295163599976767,
  "mean_lower_ven_pressure_mmHg": 14.515182414471681,
  "mean_lpa_inlet_flow_ml_s": 16.42562406481952,
  "mean_lpa_outlet_flow_ml_s": 16.425570054179275,
  "mean_lpa_pressure_mmHg": 7.618044698375068,
  "mean_lsa_pressure_mmHg": 47.13066806568377,
  "mean_quasi_aao_arch_p_01_pressure_mmHg": 47.45123193431732,
  "mean_quasi_aao_arch_p_02_pressure_mmHg": 47.44904510896214,
  "mean_quasi_aao_arch_p_03_pressure_mmHg": 47.44582257226573,
  "mean_quasi_aao_arch_rl_01.flux_ml_s": 41.167579804240184,
  "mean_quasi_aao_arch_rl_02.flux_ml_s": 41.16947072260853,