{
  "mean_atrial_pressure_mmHg": 5.146828109163401,
  "min_atrial_pressure_mmHg": 2.697689556473947,
  "max_atrial_pressure_mmHg": 9.116499016941383,
  "mean_cavity_pressure_mmHg": 27.308523294590547,
  "min_cavity_pressure_mmHg": 3.841811296886779,
  "max_cavity_pressure_mmHg": 57.583115798235454,
  "mean_aao_pressure_mmHg": 48.24334459289766,
  "min_aao_pressure_mmHg": 40.0592862340922,
  "max_aao_pressure_mmHg": 57.741925547094034,
  "mean_aortic_arch_pressure_mmHg": 48.179702180326636,
  "min_aortic_arch_pressure_mmHg": 40.01604470010781,
  "max_aortic_arch_pressure_mmHg": 57.83581837337694,
  "mean_bca_pressure_mmHg": 47.77048464396934,
  "min_bca_pressure_mmHg": 40.26894420931733,
  "max_bca_pressure_mmHg": 56.44823586392443,
  "mean_lcca_pressure_mmHg": 47.86598800152752,
  "min_lcca_pressure_mmHg": 40.20492441078363,
  "max_lcca_pressure_mmHg": 56.776580687734096,
  "mean_lsa_pressure_mmHg": 47.86598800152752,
  "min_lsa_pressure_mmHg": 40.20492441078363,
  "max_lsa_pressure_mmHg": 56.776580687734096,
  "mean_upper_art_pressure_mmHg": 43.96789969505266,
  "min_upper_art_pressure_mmHg": 40.97672503840732,
  "max_upper_art_pressure_mmHg": 46.301771476816434,
  "mean_upper_ven_pressure_mmHg": 19.839069552286844,
  "min_upper_ven_pressure_mmHg": 19.79785256008469,
  "max_upper_ven_pressure_mmHg": 19.872102814060522,
  "mean_dao_pressure_mmHg": 47.61887424577811,
  "min_dao_pressure_mmHg": 39.43018424174983,
  "max_dao_pressure_mmHg": 59.33146557307965,
  "mean_lower_art_pressure_mmHg": 11.168235321786883,
  "min_lower_art_pressure_mmHg": 10.882562378689391,
  "max_lower_art_pressure_mmHg": 11.432017314082207,
  "mean_lower_ven_pressure_mmHg": 9.610369251016479,
  "min_lower_ven_pressure_mmHg": 9.5816863470467,
  "max_lower_ven_pressure_mmHg": 9.633241767206108,
  "mean_svc_pressure_mmHg": 9.487168083441384,
  "min_svc_pressure_mmHg": 9.477208895340038,
  "max_svc_pressure_mmHg": 9.502196228759368,
  "mean_ivc_pressure_mmHg": 9.251048814626255,
  "min_ivc_pressure_mmHg": 9.239650036972487,
  "max_ivc_pressure_mmHg": 9.263872268256202,
  "mean_tcpc_pressure_mmHg": 8.581283947454594,
  "min_tcpc_pressure_mmHg": 8.512382410117008,
  "max_tcpc_pressure_mmHg": 8.747946394119188,
  "mean_rpa_pressure_mmHg": 8.146433364748232,
  "min_rpa_pressure_mmHg": 8.021536931088583,
  "max_rpa_pressure_mmHg": 8.465001815406131,
  "mean_lpa_pressure_mmHg": 8.146199523952404,
  "min_lpa_pressure_mmHg": 7.943293082732784,
  "max_lpa_pressure_mmHg": 8.380098975590403,
  "mean_quasi_aao_arch_p_01_pressure_mmHg": 48.236803180327534,
  "min_quasi_aao_arch_p_01_pressure_mmHg": 40.03842461446961,
  "max_quasi_aao_arch_p_01_pressure_mmHg": 57.679859250705945,
  "mean_quasi_aao_arch_p_02_pressure_mmHg": 48.22595416878604,
  "min_quasi_aao_arch_p_02_pressure_mmHg": 40.013479039610864,
  "max_quasi_aao_arch_p_02_pressure_mmHg": 57.74334426992691,
  "mean_quasi_aao_arch_p_03_pressure_mmHg": 48.20911759135309,
  "min_quasi_aao_arch_p_03_pressure_mmHg": 40.018036155203625,
  "max_quasi_aao_arch_p_03_pressure_mmHg": 57.850365101353255,
  "mean_quasi_dao_p_01_pressure_mmHg": 48.13410684434674,
  "min_quasi_dao_p_01_pressure_mmHg": 39.96433560133841,
  "max_quasi_dao_p_01_pressure_mmHg": 58.158265827316974,
  "mean_quasi_dao_p_02_pressure_mmHg": 48.07703204495594,
  "min_quasi_dao_p_02_pressure_mmHg": 39.87227607645048,
  "max_quasi_dao_p_02_pressure_mmHg": 58.37808100102337,
  "mean_quasi_dao_p_03_pressure_mmHg": 48.00447896051129,
  "min_quasi_dao_p_03_pressure_mmHg": 39.777981730203635,
  "max_quasi_dao_p_03_pressure_mmHg": 58.52807691582153,
  "mean_quasi_dao_p_04_pressure_mmHg": 47.910492189097475,
  "min_quasi_dao_p_04_pressure_mmHg": 39.69379195366298,
  "max_quasi_dao_p_04_pressure_mmHg": 58.841875234806274,
  "mean_quasi_dao_p_05_pressure_mmHg": 47.78630589338178,
  "min_quasi_dao_p_05_pressure_mmHg": 39.596497525737625,
  "max_quasi_dao_p_05_pressure_mmHg": 59.07107786548068,
  "mean_quasi_svc_p_01_pressure_mmHg": 9.328709127569287,
  "min_quasi_svc_p_01_pressure_mmHg": 9.314412842868965,
  "max_quasi_svc_p_01_pressure_mmHg": 9.36105678160281,
  "mean_quasi_svc_p_02_pressure_mmHg": 9.062953963476206,
  "min_quasi_svc_p_02_pressure_mmHg": 9.03092626422941,
  "max_quasi_svc_p_02_pressure_mmHg": 9.143270909354236,
  "mean_quasi_ivc_p_01_pressure_mmHg": 9.177818452509536,
  "min_quasi_ivc_p_01_pressure_mmHg": 9.161532927777055,
  "max_quasi_ivc_p_01_pressure_mmHg": 9.204445587116867,
  "mean_quasi_ivc_p_02_pressure_mmHg": 9.084066565817214,
  "min_quasi_ivc_p_02_pressure_mmHg": 9.060283053485705,
  "max_quasi_ivc_p_02_pressure_mmHg": 9.134620554210867,
  "mean_quasi_ivc_p_03_pressure_mmHg": 8.962070216334379,
  "min_quasi_ivc_p_03_pressure_mmHg": 8.92774788382647,
  "max_quasi_ivc_p_03_pressure_mmHg": 9.042457763657518,
  "mean_quasi_ivc_p_04_pressure_mmHg": 8.800338980930935,
  "min_quasi_ivc_p_04_pressure_mmHg": 8.75150306555935,
  "max_quasi_ivc_p_04_pressure_mmHg": 8.918392404780528,
  "mean_quasi_rpa_p_01_pressure_mmHg": 8.436333714084752,
  "min_quasi_rpa_p_01_pressure_mmHg": 8.354716286714812,
  "max_quasi_rpa_p_01_pressure_mmHg": 8.651403336707766,
  "mean_quasi_rpa_p_02_pressure_mmHg": 8.29138351556406,
  "min_quasi_rpa_p_02_pressure_mmHg": 8.190150360608323,
  "max_quasi_rpa_p_02_pressure_mmHg": 8.55761041637767,
  "mean_quasi_lpa_p_01_pressure_mmHg": 8.528750225652738,
  "min_quasi_lpa_p_01_pressure_mmHg": 8.43511529555363,
  "max_quasi_lpa_p_01_pressure_mmHg": 8.707313662168172,
  "mean_quasi_lpa_p_02_pressure_mmHg": 8.365633593155989,
  "min_quasi_lpa_p_02_pressure_mmHg": 8.225701884949041,
  "max_quasi_lpa_p_02_pressure_mmHg": 8.566419106684537,
  "mean_quasi_lpa_p_03_pressure_mmHg": 8.225104587400427,
  "min_quasi_lpa_p_03_pressure_mmHg": 8.048608210411638,
  "max_quasi_lpa_p_03_pressure_mmHg": 8.444755211919194,
  "mean_right_lung_pressure_mid_mmHg": 6.196110911799378,
  "min_right_lung_pressure_mid_mmHg": 5.74200781596202,
  "max_right_lung_pressure_mid_mmHg": 7.261168534934932,
  "mean_left_lung_pressure_mid_mmHg": 6.196143865308779,
  "min_left_lung_pressure_mid_mmHg": 5.877472136509267,
  "max_left_lung_pressure_mid_mmHg": 6.996212988479693,
  "mean_active_atrium_volume_ml": 77.18538900922545,
  "min_active_atrium_volume_ml": 58.85200851890496,
  "max_active_atrium_volume_ml": 89.38089135705906,
  "max_active_atrium_activation": 0.9999906897502774,
  "min_active_atrium_elastance": 16665250.0,
  "max_active_atrium_elastance": 66660534.52708243,
  "EDV_ml": 73.11236075176724,
  "ESV_ml": 37.2905665150643,
  "SV_from_volume_ml": 35.82179423670294,
  "periodicity_cavity_volume": 0.005929774603562927,
  "integral_valve_atrium.flux_ml": 35.77167482508594,
  "CO_from_valve_atrium.flux_L_min": 2.4956933887876325,
  "periodicity_valve_atrium.flux": 0.00012664099268911688,
  "integral_valve_arterial.flux_ml": 35.77193679722788,
  "CO_from_valve_arterial.flux_L_min": 2.510417364984864,
  "periodicity_valve_arterial.flux": 0.004886932836484395,
  "mean_arch_bca.flow_ml_s": 10.230462351897012,
  "integral_arch_bca.flow_ml": 8.72312246865772,
  "mean_upper_bca_to_ca1.flow_ml_s": 10.22202647407319,
  "integral_upper_bca_to_ca1.flow_ml": 8.723309764447226,
  "mean_arch_lcca.flow_ml_s": 5.228581883415642,
  "integral_arch_lcca.flow_ml": 4.458971934479791,
  "mean_upper_lcca_to_ca1.flow_ml_s": 5.225331674834004,
  "integral_upper_lcca_to_ca1.flow_ml": 4.459058733313525,
  "mean_arch_lsa.flow_ml_s": 5.228581883415642,
  "integral_arch_lsa.flow_ml": 4.458971934479791,
  "mean_upper_lsa_to_ca1.flow_ml_s": 5.225331674834004,
  "integral_upper_lsa_to_ca1.flow_ml": 4.459058733313525,
  "mean_upper_rc1.flow_ml_s": 20.56335695069574,
  "integral_upper_rc1.flow_ml": 17.643715030024207,
  "mean_upper_rv1.flow_ml_s": 20.58517972538143,
  "integral_upper_rv1.flow_ml": 17.662254861800694,
  "mean_lower_ra4.flow_ml_s": 21.147036707398236,
  "integral_lower_ra4.flow_ml": 18.130992234684225,
  "mean_lower_rc2.flow_ml_s": 21.135120292312774,