{
  "mean_atrial_pressure_mmHg": 4.486714115074662,
  "min_atrial_pressure_mmHg": 2.3318993012265516,
  "max_atrial_pressure_mmHg": 7.789857623629052,
  "mean_cavity_pressure_mmHg": 26.44986813122624,
  "min_cavity_pressure_mmHg": 3.280803223978053,
  "max_cavity_pressure_mmHg": 56.841741528904855,
  "mean_aao_pressure_mmHg": 47.47760746596086,
  "min_aao_pressure_mmHg": 39.46692095599969,
  "max_aao_pressure_mmHg": 56.96262513303614,
  "mean_aortic_arch_pressure_mmHg": 47.41570955085009,
  "min_aortic_arch_pressure_mmHg": 39.43113933927541,
  "max_aortic_arch_pressure_mmHg": 56.949998821066934,
  "mean_bca_pressure_mmHg": 47.01653008329305,
  "min_bca_pressure_mmHg": 39.678100205563,
  "max_bca_pressure_mmHg": 55.54421266150533,
  "mean_lcca_pressure_mmHg": 47.10969647817447,
  "min_lcca_pressure_mmHg": 39.614941813372916,
  "max_lcca_pressure_mmHg": 55.87253453815631,
  "mean_lsa_pressure_mmHg": 47.10969647817447,
  "min_lsa_pressure_mmHg": 39.614941813372916,
  "max_lsa_pressure_mmHg": 55.87253453815631,
  "mean_upper_art_pressure_mmHg": 43.30648417516435,
  "min_upper_art_pressure_mmHg": 40.36971141151122,
  "max_upper_art_pressure_mmHg": 45.585754356626964,
  "mean_upper_ven_pressure_mmHg": 19.766022648593,
  "min_upper_ven_pressure_mmHg": 19.72548280457273,
  "max_upper_ven_pressure_mmHg": 19.798357901283847,
  "mean_dao_pressure_mmHg": 46.869084768609895,
  "min_dao_pressure_mmHg": 38.859784350603775,
  "max_dao_pressure_mmHg": 58.88332774866942,
  "mean_lower_art_pressure_mmHg": 11.330710926478861,
  "min_lower_art_pressure_mmHg": 11.051266863811732,
  "max_lower_art_pressure_mmHg": 11.587558904223517,
  "mean_lower_ven_pressure_mmHg": 9.811843073186202,
  "min_lower_ven_pressure_mmHg": 9.78298127126332,
  "max_lower_ven_pressure_mmHg": 9.834242072045782,
  "mean_svc_pressure_mmHg": 9.66599747329785,
  "min_svc_pressure_mmHg": 9.658075010539674,
  "max_svc_pressure_mmHg": 9.678176286095079,
  "mean_ivc_pressure_mmHg": 9.461523907861967,
  "min_ivc_pressure_mmHg": 9.450360771683243,
  "max_ivc_pressure_mmHg": 9.472576901770635,
  "mean_tcpc_pressure_mmHg": 8.782196516965367,
  "min_tcpc_pressure_mmHg": 8.724386528558476,
  "max_tcpc_pressure_mmHg": 8.912542845470764,
  "mean_rpa_pressure_mmHg": 8.238341034124574,
  "min_rpa_pressure_mmHg": 8.102510967409462,
  "max_rpa_pressure_mmHg": 8.503017823694012,
  "mean_lpa_pressure_mmHg": 8.238343598407987,
  "min_lpa_pressure_mmHg": 8.138168301070055,
  "max_lpa_pressure_mmHg": 8.329211351312926,
  "mean_quasi_aao_arch_p_01_pressure_mmHg": 47.47106542122315,
  "min_quasi_aao_arch_p_01_pressure_mmHg": 39.46784377670005,
  "max_quasi_aao_arch_p_01_pressure_mmHg": 56.900119292319644,
  "mean_quasi_aao_arch_p_02_pressure_mmHg": 47.460560190702424,
  "min_quasi_aao_arch_p_02_pressure_mmHg": 39.42380253932411,
  "max_quasi_aao_arch_p_02_pressure_mmHg": 56.94198460013193,
  "mean_quasi_aao_arch_p_03_pressure_mmHg": 47.44428636664912,
  "min_quasi_aao_arch_p_03_pressure_mmHg": 39.46062352640796,
  "max_quasi_aao_arch_p_03_pressure_mmHg": 56.94331148818873,
  "mean_quasi_dao_p_01_pressure_mmHg": 47.37133239203796,
  "min_quasi_dao_p_01_pressure_mmHg": 39.37906545705453,
  "max_quasi_dao_p_01_pressure_mmHg": 57.227040771391465,
  "mean_quasi_dao_p_02_pressure_mmHg": 47.31571712018674,
  "min_quasi_dao_p_02_pressure_mmHg": 39.29040877995239,
  "max_quasi_dao_p_02_pressure_mmHg": 57.46597546544924,
  "mean_quasi_dao_p_03_pressure_mmHg": 47.24497660045878,
  "min_quasi_dao_p_03_pressure_mmHg": 39.199294547614436,
  "max_quasi_dao_p_03_pressure_mmHg": 57.67428981242482,
  "mean_quasi_dao_p_04_pressure_mmHg": 47.153348753992766,
  "min_quasi_dao_p_04_pressure_mmHg": 39.11708217248088,
  "max_quasi_dao_p_04_pressure_mmHg": 57.998566616862874,
  "mean_quasi_dao_p_05_pressure_mmHg": 47.032295876510894,
  "min_quasi_dao_p_05_pressure_mmHg": 39.02159622332474,
  "max_quasi_dao_p_05_pressure_mmHg": 58.43212261327812,
  "mean_quasi_svc_p_01_pressure_mmHg": 9.51140162006033,
  "min_quasi_svc_p_01_pressure_mmHg": 9.500559031254394,
  "max_quasi_svc_p_01_pressure_mmHg": 9.537836439738863,
  "mean_quasi_svc_p_02_pressure_mmHg": 9.252124992169248,
  "min_quasi_svc_p_02_pressure_mmHg": 9.227109124808726,
  "max_quasi_svc_p_02_pressure_mmHg": 9.315758779179621,
  "mean_quasi_ivc_p_01_pressure_mmHg": 9.387248310082262,
  "min_quasi_ivc_p_01_pressure_mmHg": 9.373064134448962,
  "max_quasi_ivc_p_01_pressure_mmHg": 9.409184319346451,
  "mean_quasi_ivc_p_02_pressure_mmHg": 9.292158092258383,
  "min_quasi_ivc_p_02_pressure_mmHg": 9.272949418714827,
  "max_quasi_ivc_p_02_pressure_mmHg": 9.332746633174317,
  "mean_quasi_ivc_p_03_pressure_mmHg": 9.168420006155559,
  "min_quasi_ivc_p_03_pressure_mmHg": 9.141313127127471,
  "max_quasi_ivc_p_03_pressure_mmHg": 9.232183463991396,
  "mean_quasi_ivc_p_04_pressure_mmHg": 9.004379516950918,
  "min_quasi_ivc_p_04_pressure_mmHg": 8.964928448896902,
  "max_quasi_ivc_p_04_pressure_mmHg": 9.097283607528244,
  "mean_quasi_rpa_p_01_pressure_mmHg": 8.600911301222958,
  "min_quasi_rpa_p_01_pressure_mmHg": 8.518247766955346,
  "max_quasi_rpa_p_01_pressure_mmHg": 8.77471418957008,
  "mean_quasi_rpa_p_02_pressure_mmHg": 8.419626135245183,
  "min_quasi_rpa_p_02_pressure_mmHg": 8.310660721927398,
  "max_quasi_rpa_p_02_pressure_mmHg": 8.638541500863028,
  "mean_quasi_lpa_p_01_pressure_mmHg": 8.71654559793218,
  "min_quasi_lpa_p_01_pressure_mmHg": 8.655461025836486,
  "max_quasi_lpa_p_01_pressure_mmHg": 8.83659429997869,
  "mean_quasi_lpa_p_02_pressure_mmHg": 8.512643705807521,
  "min_quasi_lpa_p_02_pressure_mmHg": 8.437798036587614,
  "max_quasi_lpa_p_02_pressure_mmHg": 8.613407479971828,
  "mean_quasi_lpa_p_03_pressure_mmHg": 8.336971197948051,
  "min_quasi_lpa_p_03_pressure_mmHg": 8.247942972886866,
  "max_quasi_lpa_p_03_pressure_mmHg": 8.425852590792477,
  "mean_right_lung_pressure_mid_mmHg": 5.799192721260406,
  "min_right_lung_pressure_mid_mmHg": 5.3480870628053605,
  "max_right_lung_pressure_mid_mmHg": 6.689622586177921,
  "mean_left_lung_pressure_mid_mmHg": 5.799422032076453,
  "min_left_lung_pressure_mid_mmHg": 5.632366121129359,
  "max_left_lung_pressure_mid_mmHg": 6.175715057410526,
  "mean_active_atrium_volume_ml": 72.74374689848408,
  "min_active_atrium_volume_ml": 56.95363251764012,
  "max_active_atrium_volume_ml": 84.7252065351133,
  "max_active_atrium_activation": 0.9999906897502774,
  "min_active_atrium_elastance": 16665250.0,
  "max_active_atrium_elastance": 66660534.52708243,
  "EDV_ml": 70.80978657796256,
  "ESV_ml": 35.872082155964016,
  "SV_from_volume_ml": 34.93770442199854,
  "periodicity_cavity_volume": 0.005854485781916596,
  "integral_valve_atrium.flux_ml": 34.88730440572526,
  "CO_from_valve_atrium.flux_L_min": 2.4339931614394734,
  "periodicity_valve_atrium.flux": 0.00012165552012523918,
  "integral_valve_arterial.flux_ml": 34.8875832382142,
  "CO_from_valve_arterial.flux_L_min": 2.4481437525063945,
  "periodicity_valve_arterial.flux": 0.006370636784400631,
  "mean_arch_bca.flow_ml_s": 9.979510044571908,
  "integral_arch_bca.flow_ml": 8.510292123287206,
  "mean_upper_bca_to_ca1.flow_ml_s": 9.973265029548557,
  "integral_upper_bca_to_ca1.flow_ml": 8.510504818972501,
  "mean_arch_lcca.flow_ml_s": 5.100229814300667,
  "integral_arch_lcca.flow_ml": 4.350176858244487,
  "mean_upper_lcca_to_ca1.flow_ml_s": 5.098151747877882,
  "integral_upper_lcca_to_ca1.flow_ml": 4.350279981360041,
  "mean_arch_lsa.flow_ml_s": 5.100229814300667,
  "integral_arch_lsa.flow_ml": 4.350176858244487,
  "mean_upper_lsa_to_ca1.flow_ml_s": 5.098151747877882,
  "integral_upper_lsa_to_ca1.flow_ml": 4.350279981360041,
  "mean_upper_rc1.flow_ml_s": 20.061930491070182,
  "integral_upper_rc1.flow_ml": 17.213396553766405,
  "mean_upper_rv1.flow_ml_s": 20.084313407545974,
  "integral_upper_rv1.flow_ml": 17.232495698136542,
  "mean_lower_ra4.flow_ml_s": 20.61778115132407,
  "integral_lower_ra4.flow_ml": 17.676997447820767,
  "mean_lower_rc2.flow_ml_s": 20.60604270788964,