{
  "CO_from_valve_arterial.flux_L_min": 2.5715032920232166,
  "CO_from_valve_atrium.flux_L_min": 2.554393507497593,
  "EDV_ml": 68.31580910141898,
  "ESV_ml": 31.65610992765082,
  "SV_from_volume_ml": 36.65969917376816,
  "aao_arch_cycle_storage_ml": -0.00015713600272994387,
  "aao_arch_mass_balance_rel": 2.1452416157627397e-06,
  "atrium_cycle_balance_rel": 0.0001393532981408681,
  "dao_cycle_storage_ml": -0.0003284742750489359,
  "dao_mass_balance_rel": 8.341130496096381e-06,
  "integral_aao_arch_inlet_flow_ml": 36.62423488303361,
  "integral_aao_arch_outlet_flow_ml": 36.62439201903634,
  "integral_arch_bca.flow_ml": 8.376415108097227,
  "integral_arch_lcca.flow_ml": 4.281739045574978,
  "integral_arch_lsa.flow_ml": 4.281739045574978,
  "integral_dao_inlet_flow_ml": 19.689869097931357,
  "integral_dao_outlet_flow_ml": 19.690197572206408,
  "integral_fenestration.flow_ml": 4.076976060994172e-06,
  "integral_ivc_inlet_flow_ml": 19.646578695859613,
  "integral_ivc_outlet_flow_ml": 19.645608833023065,
  "integral_left_lung.flow_ml": 9.415402337515701,
  "integral_left_lung_dist.flow_ml": 9.415402337515701,
  "integral_left_lung_prox.flow_ml": 9.422661726547055,
  "integral_lower_ra4.flow_ml": 19.697760315493305,
  "integral_lower_rc2.flow_ml": 19.727503543349457,
  "integral_lower_rv2.flow_ml": 19.72128782889548,
  "integral_lpa_inlet_flow_ml": 9.42569815295297,
  "integral_lpa_outlet_flow_ml": 9.425651757674872,
  "integral_quasi_aao_arch_rl_01.flux_ml": 36.62423488303361,
  "integral_quasi_aao_arch_rl_02.flux_ml": 36.624175955636275,
  "integral_quasi_aao_arch_rl_03.flux_ml": 36.624497250697374,
  "integral_quasi_aao_arch_rl_04.flux_ml": 36.62439201903634,
  "integral_quasi_dao_rl_01.flux_ml": 19.689869097931357,
  "integral_quasi_dao_rl_02.flux_ml": 19.689942521631657,
  "integral_quasi_dao_rl_03.flux_ml": 19.69002928333914,
  "integral_quasi_dao_rl_04.flux_ml": 19.690097032751947,
  "integral_quasi_dao_rl_05.flux_ml": 19.690148235167957,
  "integral_quasi_dao_rl_06.flux_ml": 19.690197572206408,
  "integral_quasi_ivc_rl_01.flux_ml": 19.646578695859613,
  "integral_quasi_ivc_rl_02.flux_ml": 19.646274331559308,
  "integral_quasi_ivc_rl_03.flux_ml": 19.646012539517635,
  "integral_quasi_ivc_rl_04.flux_ml": 19.645791334696398,
  "integral_quasi_ivc_rl_05.flux_ml": 19.645608833023065,
  "integral_quasi_lpa_rl_01.flux_ml": 9.42569815295297,
  "integral_quasi_lpa_rl_02.flux_ml": 9.42567349247272,
  "integral_quasi_lpa_rl_03.flux_ml": 9.425659171014605,
  "integral_quasi_lpa_rl_04.flux_ml": 9.425651757674872,
  "integral_quasi_rpa_rl_01.flux_ml": 27.217382576355572,
  "integral_quasi_rpa_rl_02.flux_ml": 27.217365810776027,
  "integral_quasi_rpa_rl_03.flux_ml": 27.217349309902822,
  "integral_quasi_svc_rl_01.flux_ml": 16.998054500161906,
  "integral_quasi_svc_rl_02.flux_ml": 16.99800884513191,
  "integral_quasi_svc_rl_03.flux_ml": 16.99797107318111,
  "integral_right_lung.flow_ml": 27.207834974015405,
  "integral_right_lung_dist.flow_ml": 27.207834974015405,
  "integral_right_lung_prox.flow_ml": 27.214453461797024,
  "integral_rpa_inlet_flow_ml": 27.217382576355572,
  "integral_rpa_outlet_flow_ml": 27.217349309902822,
  "integral_svc_inlet_flow_ml": 16.998054500161906,
  "integral_svc_outlet_flow_ml": 16.99797107318111,
  "integral_upper_bca_to_ca1.flow_ml": 8.379623473023633,
  "integral_upper_lcca_to_ca1.flow_ml": 4.2833407420297345,
  "integral_upper_lsa_to_ca1.flow_ml": 4.2833407420297345,
  "integral_upper_rc1.flow_ml": 16.965138222090278,
  "integral_upper_rv1.flow_ml": 17.030455313153926,
  "integral_valve_arterial.flux_ml": 36.619524470564876,
  "integral_valve_atrium.flux_ml": 36.61303567175512,
  "ivc_cycle_storage_ml": 0.0009698628365464846,
  "ivc_mass_balance_rel": 2.468335049579207e-05,
  "lpa_cycle_storage_ml": 4.639527809854817e-05,
  "lpa_mass_balance_rel": 2.46111171433568e-06,
  "max_aao_pressure_mmHg": 51.48324737087081,
  "max_active_atrium_activation": 0.9999906897502774,
  "max_active_atrium_elastance": 66660534.52708243,
  "max_active_atrium_volume_ml": 82.2642226548589,
  "max_aortic_arch_pressure_mmHg": 52.27524976394682,
  "max_atrial_pressure_mmHg": 7.563442716268027,
  "max_bca_pressure_mmHg": 50.826884939301586,
  "max_cavity_pressure_mmHg": 52.799751084634906,
  "max_dao_pressure_mmHg": 54.938654120723875,
  "max_ivc_pressure_mmHg": 9.05510281221543,
  "max_lcca_pressure_mmHg": 51.21315820445496,
  "max_left_lung_pressure_mid_mmHg": 6.594082882428653,
  "max_lower_art_pressure_mmHg": 39.490703743117805,
  "max_lower_ven_pressure_mmHg": 14.63374890077832,
  "max_lpa_pressure_mmHg": 7.805911808419631,
  "max_lsa_pressure_mmHg": 51.21315820445496,
  "max_quasi_aao_arch_p_01_pressure_mmHg": 51.22560883966815,
  "max_quasi_aao_arch_p_02_pressure_mmHg": 50.86603158849062,
  "max_quasi_aao_arch_p_03_pressure_mmHg": 51.176712139768796,
  "max_quasi_dao_p_01_pressure_mmHg": 51.14172884162007,
  "max_quasi_dao_p_02_pressure_mmHg": 49.82775560073678,
  "max_quasi_dao_p_03_pressure_mmHg": 50.32222067875633,
  "max_quasi_dao_p_04_pressure_mmHg": 51.273476763986224,
  "max_quasi_dao_p_05_pressure_mmHg": 52.930521358156184,
  "max_quasi_ivc_p_01_pressure_mmHg": 8.979749686935023,
  "max_quasi_ivc_p_02_pressure_mmHg": 8.892894123290565,
  "max_quasi_ivc_p_03_pressure_mmHg": 8.778828465925468,
  "max_quasi_ivc_p_04_pressure_mmHg": 8.625973867224458,
  "max_quasi_lpa_p_01_pressure_mmHg": 8.338168642029723,
  "max_quasi_lpa_p_02_pressure_mmHg": 8.105760912082836,
  "max_quasi_lpa_p_03_pressure_mmHg": 7.909642452549247,
  "max_quasi_rpa_p_01_pressure_mmHg": 8.269717531709464,
  "max_quasi_rpa_p_02_pressure_mmHg": 8.124394857639064,
  "max_quasi_svc_p_01_pressure_mmHg": 9.034331888884974,
  "max_quasi_svc_p_02_pressure_mmHg": 8.815090726464687,
  "max_right_lung_pressure_mid_mmHg": 6.929495619849237,
  "max_rpa_pressure_mmHg": 7.979849080384351,
  "max_svc_pressure_mmHg": 9.172393035316032,
  "max_tcpc_pressure_mmHg": 8.41681612853285,
  "max_upper_art_pressure_mmHg": 43.05034143340024,
  "max_upper_ven_pressure_mmHg": 19.153773594155197,
  "mean_aao_arch_inlet_flow_ml_s": 42.960823070501625,
  "mean_aao_arch_outlet_flow_ml_s": 42.96403248304294,
  "mean_aao_pressure_mmHg": 46.386746753978905,
  "mean_active_atrium_volume_ml": 69.3692162675685,
  "mean_aortic_arch_pressure_mmHg": 46.374132304252235,
  "mean_arch_bca.flow_ml_s": 9.759115476983665,
  "mean_arch_lcca.flow_ml_s": 4.989556970457233,
  "mean_arch_lsa.flow_ml_s": 4.989556970457233,
  "mean_atrial_pressure_mmHg": 4.29306278118847,
  "mean_bca_pressure_mmHg": 45.983768598766616,
  "mean_cavity_pressure_mmHg": 23.881114453327864,
  "mean_dao_inlet_flow_ml_s": 23.241165547118445,
  "mean_dao_outlet_flow_ml_s": 23.239134310305147,
  "mean_dao_pressure_mmHg": 46.28382270266952,
  "mean_fenestration.flow_ml_s": 4.7517397589808305e-06,
  "mean_ivc_inlet_flow_ml_s": 22.90248451926237,
  "mean_ivc_outlet_flow_ml_s": 22.9013443425996,
  "mean_ivc_pressure_mmHg": 9.04479141938764,
  "mean_lcca_pressure_mmHg": 46.074759586666374,
  "mean_left_lung.flow_ml_s": 10.972365269930629,
  "mean_left_lung_dist.flow_ml_s": 10.972365269930629,
  "mean_left_lung_pressure_mid_mmHg": 6.3470847525573735,
  "mean_left_lung_prox.flow_ml_s": 10.98258384842462,
  "mean_lower_art_pressure_mmHg": 38.8396526032126,
  "mean_lower_ra4.flow_ml_s": 22.975887412146964,
  "mean_lower_rc2.flow_ml_s": 22.991015900829755,
  "mean_lower_rv2.flow_ml_s": 22.985148852328134,
  "mean_lower_ven_pressure_mmHg": 14.630169518677295,
  "mean_lpa_inlet_flow_ml_s": 10.984854959086007,
  "mean_lpa_outlet_flow_ml_s": 10.984802870697486,
  "mean_lpa_pressure_mmHg": 7.717708009081415,
  "mean_lsa_pressure_mmHg": 46.074759586666374,
  "mean_quasi_aao_arch_p_01_pressure_mmHg": 46.3851732256058,
  "mean_quasi_aao_arch_p_02_pressure_mmHg": 46.382947697817094,
  "mean_quasi_aao_arch_p_03_pressure_mmHg": 46.37959185123211,
  "mean_quasi_aao_arch_rl_01.flux_ml_s": 42.960823070501625,
  "mean_quasi_aao_arch_rl_02.flux_ml_s": 42.96269390828937,