{
  "CO_from_valve_arterial.flux_L_min": 2.403720306220619,
  "CO_from_valve_atrium.flux_L_min": 2.3869258018004587,
  "EDV_ml": 68.38841936738838,
  "ESV_ml": 34.12881913768341,
  "SV_from_volume_ml": 34.25960022970497,
  "aao_arch_cycle_storage_ml": -0.00046968617801898494,
  "aao_arch_mass_balance_rel": 6.861489014658345e-06,
  "atrium_cycle_balance_rel": 0.0001571827854066792,
  "dao_cycle_storage_ml": -0.00038435683888409953,
  "dao_mass_balance_rel": 1.0807876431697056e-05,
  "integral_aao_arch_inlet_flow_ml": 34.226022534043196,
  "integral_aao_arch_outlet_flow_ml": 34.22649222022121,
  "integral_arch_bca.flow_ml": 8.134830912823217,
  "integral_arch_lcca.flow_ml": 4.1582499817886776,
  "integral_arch_lsa.flow_ml": 4.1582499817886776,
  "integral_dao_inlet_flow_ml": 17.78113800713209,
  "integral_dao_outlet_flow_ml": 17.78152236397097,
  "integral_fenestration.flow_ml": 4.063958366685833e-06,
  "integral_ivc_inlet_flow_ml": 17.73407993702014,
  "integral_ivc_outlet_flow_ml": 17.7329455732906,
  "integral_left_lung.flow_ml": 8.798069471920043,
  "integral_left_lung_dist.flow_ml": 8.798069471920043,
  "integral_left_lung_prox.flow_ml": 8.806315300804625,
  "integral_lower_ra4.flow_ml": 17.79040603316302,
  "integral_lower_rc2.flow_ml": 17.825918319903916,
  "integral_lower_rv2.flow_ml": 17.82122697819715,
  "integral_lpa_inlet_flow_ml": 8.809861082899912,
  "integral_lpa_outlet_flow_ml": 8.809806628470946,
  "integral_quasi_aao_arch_rl_01.flux_ml": 34.226022534043196,
  "integral_quasi_aao_arch_rl_02.flux_ml": 34.22586792211433,
  "integral_quasi_aao_arch_rl_03.flux_ml": 34.22611318967485,
  "integral_quasi_aao_arch_rl_04.flux_ml": 34.22649222022121,
  "integral_quasi_dao_rl_01.flux_ml": 17.78113800713209,
  "integral_quasi_dao_rl_02.flux_ml": 17.78122855994373,
  "integral_quasi_dao_rl_03.flux_ml": 17.781332608937976,
  "integral_quasi_dao_rl_04.flux_ml": 17.78139789047463,
  "integral_quasi_dao_rl_05.flux_ml": 17.78146878234177,
  "integral_quasi_dao_rl_06.flux_ml": 17.78152236397097,
  "integral_quasi_ivc_rl_01.flux_ml": 17.73407993702014,
  "integral_quasi_ivc_rl_02.flux_ml": 17.733724590479312,
  "integral_quasi_ivc_rl_03.flux_ml": 17.733418600476732,
  "integral_quasi_ivc_rl_04.flux_ml": 17.733159658424835,
  "integral_quasi_ivc_rl_05.flux_ml": 17.7329455732906,
  "integral_quasi_lpa_rl_01.flux_ml": 8.809861082899912,
  "integral_quasi_lpa_rl_02.flux_ml": 8.809832087669712,
  "integral_quasi_lpa_rl_03.flux_ml": 8.80981529723954,
  "integral_quasi_lpa_rl_04.flux_ml": 8.809806628470946,
  "integral_quasi_rpa_rl_01.flux_ml": 25.436279417549848,
  "integral_quasi_rpa_rl_02.flux_ml": 25.436259720189906,
  "integral_quasi_rpa_rl_03.flux_ml": 25.436240364476586,
  "integral_quasi_svc_rl_01.flux_ml": 16.513882891161348,
  "integral_quasi_svc_rl_02.flux_ml": 16.51382757592079,
  "integral_quasi_svc_rl_03.flux_ml": 16.51378233335898,
  "integral_right_lung.flow_ml": 25.425349045181473,
  "integral_right_lung_dist.flow_ml": 25.425349045181473,
  "integral_right_lung_prox.flow_ml": 25.432848656210034,
  "integral_rpa_inlet_flow_ml": 25.436279417549848,
  "integral_rpa_outlet_flow_ml": 25.436240364476586,
  "integral_svc_inlet_flow_ml": 16.513882891161348,
  "integral_svc_outlet_flow_ml": 16.51378233335898,
  "integral_upper_bca_to_ca1.flow_ml": 8.138555707486987,
  "integral_upper_lcca_to_ca1.flow_ml": 4.160108526529179,
  "integral_upper_lsa_to_ca1.flow_ml": 4.160108526529179,
  "integral_upper_rc1.flow_ml": 16.480501939565716,
  "integral_upper_rv1.flow_ml": 16.55343634425964,
  "integral_valve_arterial.flux_ml": 34.22084548185038,
  "integral_valve_atrium.flux_ml": 34.21266560609613,
  "ivc_cycle_storage_ml": 0.0011343637295428157,
  "ivc_mass_balance_rel": 3.198361613891352e-05,
  "lpa_cycle_storage_ml": 5.44544289658212e-05,
  "lpa_mass_balance_rel": 3.0905480088928388e-06,
  "max_aao_pressure_mmHg": 51.35606753013666,
  "max_active_atrium_activation": 0.9999906897502774,
  "max_active_atrium_elastance": 66660534.52708243,
  "max_active_atrium_volume_ml": 81.03777006520225,
  "max_aortic_arch_pressure_mmHg": 52.002730635462434,
  "max_atrial_pressure_mmHg": 7.604132429551392,
  "max_bca_pressure_mmHg": 50.62614415912605,
  "max_cavity_pressure_mmHg": 52.52061196452737,
  "max_dao_pressure_mmHg": 54.87334111991829,
  "max_ivc_pressure_mmHg": 8.965110181758439,
  "max_lcca_pressure_mmHg": 50.9924520917381,
  "max_left_lung_pressure_mid_mmHg": 6.568926496946892,
  "max_lower_art_pressure_mmHg": 39.65945443654765,
  "max_lower_ven_pressure_mmHg": 14.611139338503337,
  "max_lpa_pressure_mmHg": 7.8264480964859535,
  "max_lsa_pressure_mmHg": 50.9924520917381,
  "max_quasi_aao_arch_p_01_pressure_mmHg": 51.09738781377773,
  "max_quasi_aao_arch_p_02_pressure_mmHg": 50.78096073151999,
  "max_quasi_aao_arch_p_03_pressure_mmHg": 51.04179679928093,
  "max_quasi_dao_p_01_pressure_mmHg": 50.947713976377,
  "max_quasi_dao_p_02_pressure_mmHg": 49.852592482195725,
  "max_quasi_dao_p_03_pressure_mmHg": 50.438905204591144,
  "max_quasi_dao_p_04_pressure_mmHg": 51.37076114846693,
  "max_quasi_dao_p_05_pressure_mmHg": 52.95525369062358,
  "max_quasi_ivc_p_01_pressure_mmHg": 8.896691340577297,
  "max_quasi_ivc_p_02_pressure_mmHg": 8.818801054375314,
  "max_quasi_ivc_p_03_pressure_mmHg": 8.716586011844237,
  "max_quasi_ivc_p_04_pressure_mmHg": 8.579646161111075,
  "max_quasi_lpa_p_01_pressure_mmHg": 8.319544000403225,
  "max_quasi_lpa_p_02_pressure_mmHg": 8.103334317016426,
  "max_quasi_lpa_p_03_pressure_mmHg": 7.921436584614254,
  "max_quasi_rpa_p_01_pressure_mmHg": 8.25506177368639,
  "max_quasi_rpa_p_02_pressure_mmHg": 8.119399771699602,
  "max_quasi_svc_p_01_pressure_mmHg": 8.995808271566702,
  "max_quasi_svc_p_02_pressure_mmHg": 8.78148638025892,
  "max_right_lung_pressure_mid_mmHg": 6.909318117725869,
  "max_rpa_pressure_mmHg": 7.98440162257386,
  "max_svc_pressure_mmHg": 9.130960194309983,
  "max_tcpc_pressure_mmHg": 8.392316090199577,
  "max_upper_art_pressure_mmHg": 43.325016410878014,
  "max_upper_ven_pressure_mmHg": 19.220151244640707,
  "mean_aao_arch_inlet_flow_ml_s": 40.145080044506365,
  "mean_aao_arch_outlet_flow_ml_s": 40.14902092879334,
  "mean_aao_pressure_mmHg": 46.73290220929877,
  "mean_active_atrium_volume_ml": 68.75323777090463,
  "mean_aortic_arch_pressure_mmHg": 46.72072853684265,
  "mean_arch_bca.flow_ml_s": 9.476547950643138,
  "mean_arch_lcca.flow_ml_s": 4.844886313158932,
  "mean_arch_lsa.flow_ml_s": 4.844886313158932,
  "mean_atrial_pressure_mmHg": 4.218775179948912,
  "mean_bca_pressure_mmHg": 46.32650506472289,
  "mean_cavity_pressure_mmHg": 23.944122756678507,
  "mean_dao_inlet_flow_ml_s": 20.998100957748225,
  "mean_dao_outlet_flow_ml_s": 20.99573013719601,
  "mean_dao_pressure_mmHg": 46.6382228445952,
  "mean_fenestration.flow_ml_s": 4.7367205529181176e-06,
  "mean_ivc_inlet_flow_ml_s": 20.672945946547028,
  "mean_ivc_outlet_flow_ml_s": 20.671631766799024,
  "mean_ivc_pressure_mmHg": 8.955484647235718,
  "mean_lcca_pressure_mmHg": 46.41840833844128,
  "mean_left_lung.flow_ml_s": 10.253830567395598,
  "mean_left_lung_dist.flow_ml_s": 10.253830567395598,
  "mean_left_lung_pressure_mid_mmHg": 6.330239028789915,
  "mean_left_lung_prox.flow_ml_s": 10.264286433353668,
  "mean_lower_art_pressure_mmHg": 39.109580993934024,
  "mean_lower_ra4.flow_ml_s": 20.746967235545217,
  "mean_lower_rc2.flow_ml_s": 20.775024109565607,
  "mean_lower_rv2.flow_ml_s": 20.770629352024915,
  "mean_lower_ven_pressure_mmHg": 14.608405901781069,
  "mean_lpa_inlet_flow_ml_s": 10.266927832592398,
  "mean_lpa_outlet_flow_ml_s": 10.266870066203671,
  "mean_lpa_pressure_mmHg": 7.739316972603333,
  "mean_lsa_pressure_mmHg": 46.41840833844128,
  "mean_quasi_aao_arch_p_01_pressure_mmHg": 46.731314959241125,
  "mean_quasi_aao_arch_p_02_pressure_mmHg": 46.729074171935224,
  "mean_quasi_aao_arch_p_03_pressure_mmHg": 46.72584245216419,
  "mean_quasi_aao_arch_rl_01.flux_ml_s": 40.145080044506365,
  "mean_quasi_aao_arch_rl_02.flux_ml_s": 40.14696471570441,