{
  "CO_from_valve_arterial.flux_L_min": 2.4120812540721808,
  "CO_from_valve_atrium.flux_L_min": 2.3954543529986996,
  "EDV_ml": 67.92050166099193,
  "ESV_ml": 33.53893761740743,
  "SV_from_volume_ml": 34.381564043584504,
  "aao_arch_cycle_storage_ml": -0.00023956864189509557,
  "aao_arch_mass_balance_rel": 3.4873451313384815e-06,
  "atrium_cycle_balance_rel": 0.0001512690854216588,
  "dao_cycle_storage_ml": -0.000393207889090309,
  "dao_mass_balance_rel": 1.1225611673288385e-05,
  "integral_aao_arch_inlet_flow_ml": 34.34816420666722,
  "integral_aao_arch_outlet_flow_ml": 34.348403775309116,
  "integral_arch_bca.flow_ml": 8.327547196058067,
  "integral_arch_lcca.flow_ml": 4.2567586368150305,
  "integral_arch_lsa.flow_ml": 4.2567586368150305,
  "integral_dao_inlet_flow_ml": 17.513677050474264,
  "integral_dao_outlet_flow_ml": 17.514070258363354,
  "integral_fenestration.flow_ml": 4.205496859585371e-06,
  "integral_ivc_inlet_flow_ml": 17.470077131323976,
  "integral_ivc_outlet_flow_ml": 17.46896889717842,
  "integral_left_lung.flow_ml": 8.829263200799774,
  "integral_left_lung_dist.flow_ml": 8.829263200799774,
  "integral_left_lung_prox.flow_ml": 8.83682799295768,
  "integral_lower_ra4.flow_ml": 17.52295141022118,
  "integral_lower_rc2.flow_ml": 17.55865388549787,
  "integral_lower_rv2.flow_ml": 17.5552203906617,
  "integral_lpa_inlet_flow_ml": 8.840279908406359,
  "integral_lpa_outlet_flow_ml": 8.840226765852803,
  "integral_quasi_aao_arch_rl_01.flux_ml": 34.34816420666722,
  "integral_quasi_aao_arch_rl_02.flux_ml": 34.34842537192444,
  "integral_quasi_aao_arch_rl_03.flux_ml": 34.348712456584174,
  "integral_quasi_aao_arch_rl_04.flux_ml": 34.348403775309116,
  "integral_quasi_dao_rl_01.flux_ml": 17.513677050474264,
  "integral_quasi_dao_rl_02.flux_ml": 17.51376401569758,
  "integral_quasi_dao_rl_03.flux_ml": 17.51386959305986,
  "integral_quasi_dao_rl_04.flux_ml": 17.51394605885866,
  "integral_quasi_dao_rl_05.flux_ml": 17.514012265248063,
  "integral_quasi_dao_rl_06.flux_ml": 17.514070258363354,
  "integral_quasi_ivc_rl_01.flux_ml": 17.470077131323976,
  "integral_quasi_ivc_rl_02.flux_ml": 17.469729968197154,
  "integral_quasi_ivc_rl_03.flux_ml": 17.46943103268237,
  "integral_quasi_ivc_rl_04.flux_ml": 17.46917805956893,
  "integral_quasi_ivc_rl_05.flux_ml": 17.46896889717842,
  "integral_quasi_lpa_rl_01.flux_ml": 8.840279908406359,
  "integral_quasi_lpa_rl_02.flux_ml": 8.840251586914063,
  "integral_quasi_lpa_rl_03.flux_ml": 8.840235210358854,
  "integral_quasi_lpa_rl_04.flux_ml": 8.840226765852803,
  "integral_quasi_rpa_rl_01.flux_ml": 25.526266714641245,
  "integral_quasi_rpa_rl_02.flux_ml": 25.52624746839104,
  "integral_quasi_rpa_rl_03.flux_ml": 25.526228557254225,
  "integral_quasi_svc_rl_01.flux_ml": 16.898250421645077,
  "integral_quasi_svc_rl_02.flux_ml": 16.898196063092804,
  "integral_quasi_svc_rl_03.flux_ml": 16.898151701282423,
  "integral_right_lung.flow_ml": 25.516029356887945,
  "integral_right_lung_dist.flow_ml": 25.516029356887945,
  "integral_right_lung_prox.flow_ml": 25.522915214046566,
  "integral_rpa_inlet_flow_ml": 25.526266714641245,
  "integral_rpa_outlet_flow_ml": 25.526228557254225,
  "integral_svc_inlet_flow_ml": 16.898250421645077,
  "integral_svc_outlet_flow_ml": 16.898151701282423,
  "integral_upper_bca_to_ca1.flow_ml": 8.33127966012512,
  "integral_upper_lcca_to_ca1.flow_ml": 4.258622524396737,
  "integral_upper_lsa_to_ca1.flow_ml": 4.258622524396737,
  "integral_upper_rc1.flow_ml": 16.869919988306457,
  "integral_upper_rv1.flow_ml": 16.937175643766544,
  "integral_valve_arterial.flux_ml": 34.34301272590629,
  "integral_valve_atrium.flux_ml": 34.33490757148815,
  "ivc_cycle_storage_ml": 0.0011082341455557175,
  "ivc_mass_balance_rel": 3.171907282814559e-05,
  "lpa_cycle_storage_ml": 5.314255355622034e-05,
  "lpa_mass_balance_rel": 3.005714402437586e-06,
  "max_aao_pressure_mmHg": 50.97545871115516,
  "max_active_atrium_activation": 0.9999906897502774,
  "max_active_atrium_elastance": 66660534.52708243,
  "max_active_atrium_volume_ml": 80.5738037974139,
  "max_aortic_arch_pressure_mmHg": 51.622098251682615,
  "max_atrial_pressure_mmHg": 7.355106561031774,
  "max_bca_pressure_mmHg": 50.2648983591012,
  "max_cavity_pressure_mmHg": 52.161840716452176,
  "max_dao_pressure_mmHg": 54.43669616007193,
  "max_ivc_pressure_mmHg": 9.07608390067173,
  "max_lcca_pressure_mmHg": 50.62535775015243,
  "max_left_lung_pressure_mid_mmHg": 6.270728185943327,
  "max_lower_art_pressure_mmHg": 39.320439313549144,
  "max_lower_ven_pressure_mmHg": 14.638303615311647,
  "max_lpa_pressure_mmHg": 7.936009165728585,
  "max_lsa_pressure_mmHg": 50.62535775015243,
  "max_quasi_aao_arch_p_01_pressure_mmHg": 50.68307492983035,
  "max_quasi_aao_arch_p_02_pressure_mmHg": 50.33719508413736,
  "max_quasi_aao_arch_p_03_pressure_mmHg": 50.63182798032501,
  "max_quasi_dao_p_01_pressure_mmHg": 50.56174534478123,
  "max_quasi_dao_p_02_pressure_mmHg": 49.39594205548012,
  "max_quasi_dao_p_03_pressure_mmHg": 49.988987104008686,
  "max_quasi_dao_p_04_pressure_mmHg": 50.91717344551575,
  "max_quasi_dao_p_05_pressure_mmHg": 52.51113764931197,
  "max_quasi_ivc_p_01_pressure_mmHg": 9.008296990505388,
  "max_quasi_ivc_p_02_pressure_mmHg": 8.930229805549434,
  "max_quasi_ivc_p_03_pressure_mmHg": 8.82785532803148,
  "max_quasi_ivc_p_04_pressure_mmHg": 8.69084240589035,
  "max_quasi_lpa_p_01_pressure_mmHg": 8.430664505838573,
  "max_quasi_lpa_p_02_pressure_mmHg": 8.214348067144854,
  "max_quasi_lpa_p_03_pressure_mmHg": 8.03185104346083,
  "max_quasi_rpa_p_01_pressure_mmHg": 8.36185366907811,
  "max_quasi_rpa_p_02_pressure_mmHg": 8.22157462227679,
  "max_quasi_svc_p_01_pressure_mmHg": 9.132044825467268,
  "max_quasi_svc_p_02_pressure_mmHg": 8.908812999051557,
  "max_right_lung_pressure_mid_mmHg": 6.636792010738102,
  "max_rpa_pressure_mmHg": 8.081818521346957,
  "max_svc_pressure_mmHg": 9.27174925408848,
  "max_tcpc_pressure_mmHg": 8.503597082912284,
  "max_upper_art_pressure_mmHg": 42.952440368005966,
  "max_upper_ven_pressure_mmHg": 19.199326972738728,
  "mean_aao_arch_inlet_flow_ml_s": 40.28880088788972,
  "mean_aao_arch_outlet_flow_ml_s": 40.29229484550156,
  "mean_aao_pressure_mmHg": 46.278465881886085,
  "mean_active_atrium_volume_ml": 68.47509973765243,
  "mean_aortic_arch_pressure_mmHg": 46.26620109143825,
  "mean_arch_bca.flow_ml_s": 9.701177357470348,
  "mean_arch_lcca.flow_ml_s": 4.959801714402098,
  "mean_arch_lsa.flow_ml_s": 4.959801714402098,
  "mean_atrial_pressure_mmHg": 4.165464374556606,
  "mean_bca_pressure_mmHg": 45.87815490530932,
  "mean_cavity_pressure_mmHg": 23.676657612458452,
  "mean_dao_inlet_flow_ml_s": 20.68766521801151,
  "mean_dao_outlet_flow_ml_s": 20.685414171668608,
  "mean_dao_pressure_mmHg": 46.18513344703506,
  "mean_fenestration.flow_ml_s": 4.901591857361995e-06,
  "mean_ivc_inlet_flow_ml_s": 20.365015936042592,
  "mean_ivc_outlet_flow_ml_s": 20.36372683648584,
  "mean_ivc_pressure_mmHg": 9.06704476042908,
  "mean_lcca_pressure_mmHg": 45.96861368503741,
  "mean_left_lung.flow_ml_s": 10.289450885579559,
  "mean_left_lung_dist.flow_ml_s": 10.289450885579559,
  "mean_left_lung_pressure_mid_mmHg": 6.01138754329472,
  "mean_left_lung_prox.flow_ml_s": 10.299926205654705,
  "mean_lower_art_pressure_mmHg": 38.76940215711415,
  "mean_lower_ra4.flow_ml_s": 20.43581527072973,
  "mean_lower_rc2.flow_ml_s": 20.463530743967038,
  "mean_lower_rv2.flow_ml_s": 20.46060145815674,
  "mean_lower_ven_pressure_mmHg": 14.635589020852274,
  "mean_lpa_inlet_flow_ml_s": 10.302447820127588,
  "mean_lpa_outlet_flow_ml_s": 10.302391278617689,
  "mean_lpa_pressure_mmHg": 7.859189980056143,
  "mean_lsa_pressure_mmHg": 45.96861368503741,
  "mean_quasi_aao_arch_p_01_pressure_mmHg": 46.27685950189003,
  "mean_quasi_aao_arch_p_02_pressure_mmHg": 46.27464870640762,
  "mean_quasi_aao_arch_p_03_pressure_mmHg": 46.27135496674954,
  "mean_quasi_aao_arch_rl_01.flux_ml_s": 40.28880088788972,
  "mean_quasi_aao_arch_rl_02.flux_ml_s": 40.29072560386742,