{
  "mean_atrial_pressure_mmHg": 5.655125539139722,
  "min_atrial_pressure_mmHg": 3.0331713195426024,
  "max_atrial_pressure_mmHg": 9.906992925803424,
  "mean_cavity_pressure_mmHg": 27.819610054503528,
  "min_cavity_pressure_mmHg": 4.282502715077631,
  "max_cavity_pressure_mmHg": 57.97889611910988,
  "mean_aao_pressure_mmHg": 48.62260448663827,
  "min_aao_pressure_mmHg": 40.33820637655817,
  "max_aao_pressure_mmHg": 58.15111499681313,
  "mean_aortic_arch_pressure_mmHg": 48.55814943356968,
  "min_aortic_arch_pressure_mmHg": 40.30014946793147,
  "max_aortic_arch_pressure_mmHg": 58.28640629769446,
  "mean_bca_pressure_mmHg": 48.14344579940633,
  "min_bca_pressure_mmHg": 40.55632766076431,
  "max_bca_pressure_mmHg": 56.8967214123168,
  "mean_lcca_pressure_mmHg": 48.240232111831595,
  "min_lcca_pressure_mmHg": 40.49243454008112,
  "max_lcca_pressure_mmHg": 57.224915736676934,
  "mean_lsa_pressure_mmHg": 48.240232111831595,
  "min_lsa_pressure_mmHg": 40.49243454008112,
  "max_lsa_pressure_mmHg": 57.224915736676934,
  "mean_upper_art_pressure_mmHg": 44.29003753716507,
  "min_upper_art_pressure_mmHg": 41.27071315343547,
  "max_upper_art_pressure_mmHg": 46.65213791029558,
  "mean_upper_ven_pressure_mmHg": 19.8378862662983,
  "min_upper_ven_pressure_mmHg": 19.796379382980067,
  "max_upper_ven_pressure_mmHg": 19.871247253390436,
  "mean_dao_pressure_mmHg": 47.99019659193567,
  "min_dao_pressure_mmHg": 39.70788473900494,
  "max_dao_pressure_mmHg": 59.607485473837414,
  "mean_lower_art_pressure_mmHg": 11.076537341861197,
  "min_lower_art_pressure_mmHg": 10.787781028204678,
  "max_lower_art_pressure_mmHg": 11.344284375744328,
  "mean_lower_ven_pressure_mmHg": 9.498881239800673,
  "min_lower_ven_pressure_mmHg": 9.471620983665948,
  "max_lower_ven_pressure_mmHg": 9.521246178538767,
  "mean_svc_pressure_mmHg": 9.347301031599159,
  "min_svc_pressure_mmHg": 9.33502543330052,
  "max_svc_pressure_mmHg": 9.368352370018792,
  "mean_ivc_pressure_mmHg": 9.134991472101582,
  "min_ivc_pressure_mmHg": 9.121520269958758,
  "max_ivc_pressure_mmHg": 9.153120801097534,
  "mean_tcpc_pressure_mmHg": 8.429235097101387,
  "min_tcpc_pressure_mmHg": 8.338863211536497,
  "max_tcpc_pressure_mmHg": 8.691204323136903,
  "mean_rpa_pressure_mmHg": 7.97986349750911,
  "min_rpa_pressure_mmHg": 7.790949902062445,
  "max_rpa_pressure_mmHg": 8.487385485068165,
  "mean_lpa_pressure_mmHg": 7.979520866886034,
  "min_lpa_pressure_mmHg": 7.694063326739566,
  "max_lpa_pressure_mmHg": 8.369677983000953,
  "mean_quasi_aao_arch_p_01_pressure_mmHg": 48.615949058136984,
  "min_quasi_aao_arch_p_01_pressure_mmHg": 40.311930173127244,
  "max_quasi_aao_arch_p_01_pressure_mmHg": 58.09895131346855,
  "mean_quasi_aao_arch_p_02_pressure_mmHg": 48.60507358618774,
  "min_quasi_aao_arch_p_02_pressure_mmHg": 40.294406431838176,
  "max_quasi_aao_arch_p_02_pressure_mmHg": 58.17589475776188,
  "mean_quasi_aao_arch_p_03_pressure_mmHg": 48.58798315475906,
  "min_quasi_aao_arch_p_03_pressure_mmHg": 40.28983333442852,
  "max_quasi_aao_arch_p_03_pressure_mmHg": 58.36067032829471,
  "mean_quasi_dao_p_01_pressure_mmHg": 48.51195839293909,
  "min_quasi_dao_p_01_pressure_mmHg": 40.24709849380502,
  "max_quasi_dao_p_01_pressure_mmHg": 58.59450180902656,
  "mean_quasi_dao_p_02_pressure_mmHg": 48.454166797251375,
  "min_quasi_dao_p_02_pressure_mmHg": 40.156734646443354,
  "max_quasi_dao_p_02_pressure_mmHg": 58.810198762052856,
  "mean_quasi_dao_p_03_pressure_mmHg": 48.380704422880406,
  "min_quasi_dao_p_03_pressure_mmHg": 40.05989297018467,
  "max_quasi_dao_p_03_pressure_mmHg": 58.95652108091395,
  "mean_quasi_dao_p_04_pressure_mmHg": 48.28551510903396,
  "min_quasi_dao_p_04_pressure_mmHg": 39.97422755511139,
  "max_quasi_dao_p_04_pressure_mmHg": 59.26890700032054,
  "mean_quasi_dao_p_05_pressure_mmHg": 48.159744304813444,
  "min_quasi_dao_p_05_pressure_mmHg": 39.873859380631096,
  "max_quasi_dao_p_05_pressure_mmHg": 59.49495765246182,
  "mean_quasi_svc_p_01_pressure_mmHg": 9.186711433491602,
  "min_quasi_svc_p_01_pressure_mmHg": 9.16759273135307,
  "max_quasi_svc_p_01_pressure_mmHg": 9.23641025791905,
  "mean_quasi_svc_p_02_pressure_mmHg": 8.917382623179781,
  "min_quasi_svc_p_02_pressure_mmHg": 8.876238022052918,
  "max_quasi_svc_p_02_pressure_mmHg": 9.042979977308365,
  "mean_quasi_ivc_p_01_pressure_mmHg": 9.057826146261734,
  "min_quasi_ivc_p_01_pressure_mmHg": 9.038949188298403,
  "max_quasi_ivc_p_01_pressure_mmHg": 9.095129481910742,
  "mean_quasi_ivc_p_02_pressure_mmHg": 8.959036426941244,
  "min_quasi_ivc_p_02_pressure_mmHg": 8.930634859143236,
  "max_quasi_ivc_p_02_pressure_mmHg": 9.0346094807546,
  "mean_quasi_ivc_p_03_pressure_mmHg": 8.830484333429764,
  "min_quasi_ivc_p_03_pressure_mmHg": 8.787963195013152,
  "max_quasi_ivc_p_03_pressure_mmHg": 8.95394770615673,
  "mean_quasi_ivc_p_04_pressure_mmHg": 8.660061936969619,
  "min_quasi_ivc_p_04_pressure_mmHg": 8.597557890849089,
  "max_quasi_ivc_p_04_pressure_mmHg": 8.844001190912044,
  "mean_quasi_rpa_p_01_pressure_mmHg": 8.279444505081296,
  "min_quasi_rpa_p_01_pressure_mmHg": 8.165378422787542,
  "max_quasi_rpa_p_01_pressure_mmHg": 8.619241547810079,
  "mean_quasi_rpa_p_02_pressure_mmHg": 8.129653966378438,
  "min_quasi_rpa_p_02_pressure_mmHg": 7.980055945631831,
  "max_quasi_rpa_p_02_pressure_mmHg": 8.552265187530725,
  "mean_quasi_lpa_p_01_pressure_mmHg": 8.374929942678266,
  "min_quasi_lpa_p_01_pressure_mmHg": 8.247128803133991,
  "max_quasi_lpa_p_01_pressure_mmHg": 8.661381416803476,
  "mean_quasi_lpa_p_02_pressure_mmHg": 8.206330679666667,
  "min_quasi_lpa_p_02_pressure_mmHg": 8.011641134438129,
  "max_quasi_lpa_p_02_pressure_mmHg": 8.536012588944612,
  "mean_quasi_lpa_p_03_pressure_mmHg": 8.061080144731264,
  "min_quasi_lpa_p_03_pressure_mmHg": 7.8139710090019365,
  "max_quasi_lpa_p_03_pressure_mmHg": 8.42555157516102,
  "mean_right_lung_pressure_mid_mmHg": 6.468265145092816,
  "min_right_lung_pressure_mid_mmHg": 5.917795728300308,
  "max_right_lung_pressure_mid_mmHg": 7.863717350296285,
  "mean_left_lung_pressure_mid_mmHg": 6.468206464341414,
  "min_left_lung_pressure_mid_mmHg": 6.084958475143275,
  "max_left_lung_pressure_mid_mmHg": 7.526075164813776,
  "mean_active_atrium_volume_ml": 80.7333821412348,
  "min_active_atrium_volume_ml": 59.807940208950036,
  "max_active_atrium_volume_ml": 92.92700681651768,
  "max_active_atrium_activation": 0.9999906897502774,
  "min_active_atrium_elastance": 16665250.0,
  "max_active_atrium_elastance": 66660534.52708243,
  "EDV_ml": 74.3413786627252,
  "ESV_ml": 38.05316312828725,
  "SV_from_volume_ml": 36.28821553443795,
  "periodicity_cavity_volume": 0.0059357161654065875,
  "integral_valve_atrium.flux_ml": 36.23837420654947,
  "CO_from_valve_atrium.flux_L_min": 2.528253818807267,
  "periodicity_valve_atrium.flux": 0.00012969273630068488,
  "integral_valve_arterial.flux_ml": 36.23871446826883,
  "CO_from_valve_arterial.flux_L_min": 2.5431957727807304,
  "periodicity_valve_arterial.flux": 0.0043448979577775815,
  "mean_arch_bca.flow_ml_s": 10.36761511803576,
  "integral_arch_bca.flow_ml": 8.839991063727267,
  "mean_upper_bca_to_ca1.flow_ml_s": 10.35864860383042,
  "integral_upper_bca_to_ca1.flow_ml": 8.840209555584392,
  "mean_arch_lcca.flow_ml_s": 5.298634429680359,
  "integral_arch_lcca.flow_ml": 4.518707869351168,
  "mean_upper_lcca_to_ca1.flow_ml_s": 5.29517938279561,
  "integral_upper_lcca_to_ca1.flow_ml": 4.518813840570262,
  "mean_arch_lsa.flow_ml_s": 5.298634429680359,
  "integral_arch_lsa.flow_ml": 4.518707869351168,
  "mean_upper_lsa_to_ca1.flow_ml_s": 5.29517938279561,
  "integral_upper_lsa_to_ca1.flow_ml": 4.518813840570262,
  "mean_upper_rc1.flow_ml_s": 20.83890150579864,
  "integral_upper_rc1.flow_ml": 17.880175972528416,
  "mean_upper_rv1.flow_ml_s": 20.86095806945497,
  "integral_upper_rv1.flow_ml": 17.898870728785713,
  "mean_lower_ra4.flow_ml_s": 21.415660471507596,
  "integral_lower_ra4.flow_ml": 18.36138565477127,
  "mean_lower_rc2.flow_ml_s": 21.40360594698686,
  "integral_lower_rc2.flow_ml": 18.36073619325829,