{
  "CO_from_valve_arterial.flux_L_min": 2.51491585764099,
  "CO_from_valve_atrium.flux_L_min": 2.497207606315983,
  "EDV_ml": 71.58493336979978,
  "ESV_ml": 35.74565566916819,
  "SV_from_volume_ml": 35.8392777006316,
  "aao_arch_cycle_storage_ml": -5.9219730783380536e-05,
  "aao_arch_mass_balance_rel": 8.270139375048143e-07,
  "atrium_cycle_balance_rel": 0.00015042057568111455,
  "dao_cycle_storage_ml": -0.0002925208710444194,
  "dao_mass_balance_rel": 8.01238153688769e-06,
  "integral_aao_arch_inlet_flow_ml": 35.803315471128954,
  "integral_aao_arch_outlet_flow_ml": 35.803374690859734,
  "integral_arch_bca.flow_ml": 8.679936416642798,
  "integral_arch_lcca.flow_ml": 4.436889084219307,
  "integral_arch_lsa.flow_ml": 4.436889084219307,
  "integral_dao_inlet_flow_ml": 18.2541561395244,
  "integral_dao_outlet_flow_ml": 18.254448660395443,
  "integral_fenestration.flow_ml": 2.953328326275501e-06,
  "integral_ivc_inlet_flow_ml": 18.218447710205403,
  "integral_ivc_outlet_flow_ml": 18.217585272344696,
  "integral_left_lung.flow_ml": 14.646358930033083,
  "integral_left_lung_dist.flow_ml": 14.646358930033083,
  "integral_left_lung_prox.flow_ml": 14.652525399125496,
  "integral_lower_ra4.flow_ml": 18.260985621900797,
  "integral_lower_rc2.flow_ml": 18.287890436131455,
  "integral_lower_rv2.flow_ml": 18.28498187285885,
  "integral_lpa_inlet_flow_ml": 14.655149898682723,
  "integral_lpa_outlet_flow_ml": 14.65510916411156,
  "integral_quasi_aao_arch_rl_01.flux_ml": 35.803315471128954,
  "integral_quasi_aao_arch_rl_02.flux_ml": 35.80312745242451,
  "integral_quasi_aao_arch_rl_03.flux_ml": 35.803271413091274,
  "integral_quasi_aao_arch_rl_04.flux_ml": 35.803374690859734,
  "integral_quasi_dao_rl_01.flux_ml": 18.2541561395244,
  "integral_quasi_dao_rl_02.flux_ml": 18.254220756747756,
  "integral_quasi_dao_rl_03.flux_ml": 18.254297426869794,
  "integral_quasi_dao_rl_04.flux_ml": 18.254359904932535,
  "integral_quasi_dao_rl_05.flux_ml": 18.25440306901699,
  "integral_quasi_dao_rl_06.flux_ml": 18.254448660395443,
  "integral_quasi_ivc_rl_01.flux_ml": 18.218447710205403,
  "integral_quasi_ivc_rl_02.flux_ml": 18.218176770213816,
  "integral_quasi_ivc_rl_03.flux_ml": 18.217943873362405,
  "integral_quasi_ivc_rl_04.flux_ml": 18.217747262338225,
  "integral_quasi_ivc_rl_05.flux_ml": 18.217585272344696,
  "integral_quasi_lpa_rl_01.flux_ml": 14.655149898682723,
  "integral_quasi_lpa_rl_02.flux_ml": 14.65512812980293,
  "integral_quasi_lpa_rl_03.flux_ml": 14.655115600427907,
  "integral_quasi_lpa_rl_04.flux_ml": 14.65510916411156,
  "integral_quasi_rpa_rl_01.flux_ml": 21.16645833932575,
  "integral_quasi_rpa_rl_02.flux_ml": 21.16644343537954,
  "integral_quasi_rpa_rl_03.flux_ml": 21.166428711815737,
  "integral_quasi_svc_rl_01.flux_ml": 17.604539255463163,
  "integral_quasi_svc_rl_02.flux_ml": 17.604498636821642,
  "integral_quasi_svc_rl_03.flux_ml": 17.604465091311315,
  "integral_right_lung.flow_ml": 21.157778914988175,
  "integral_right_lung_dist.flow_ml": 21.157778914988175,
  "integral_right_lung_prox.flow_ml": 21.163834746263426,
  "integral_rpa_inlet_flow_ml": 21.16645833932575,
  "integral_rpa_outlet_flow_ml": 21.166428711815737,
  "integral_svc_inlet_flow_ml": 17.604539255463163,
  "integral_svc_outlet_flow_ml": 17.604465091311315,
  "integral_upper_bca_to_ca1.flow_ml": 8.682691746017634,
  "integral_upper_lcca_to_ca1.flow_ml": 4.438264666395594,
  "integral_upper_lsa_to_ca1.flow_ml": 4.438264666395594,
  "integral_upper_rc1.flow_ml": 17.57548486697283,
  "integral_upper_rv1.flow_ml": 17.633399921945887,
  "integral_valve_arterial.flux_ml": 35.799325753084595,
  "integral_valve_atrium.flux_ml": 35.79337105939845,
  "ivc_cycle_storage_ml": 0.0008624378607068864,
  "ivc_mass_balance_rel": 2.36699165657319e-05,
  "lpa_cycle_storage_ml": 4.073457116422405e-05,
  "lpa_mass_balance_rel": 1.3897717886274752e-06,
  "max_aao_pressure_mmHg": 52.11928519739907,
  "max_active_atrium_activation": 0.9999906897502774,
  "max_active_atrium_elastance": 66660534.52708243,
  "max_active_atrium_volume_ml": 88.06700414916229,
  "max_aortic_arch_pressure_mmHg": 52.6286128850991,
  "max_atrial_pressure_mmHg": 9.520431682399838,
  "max_bca_pressure_mmHg": 51.285734688328226,
  "max_cavity_pressure_mmHg": 53.10157698409948,
  "max_dao_pressure_mmHg": 55.78813525723373,
  "max_ivc_pressure_mmHg": 8.693488158708838,
  "max_lcca_pressure_mmHg": 51.6416336512008,
  "max_left_lung_pressure_mid_mmHg": 7.160551673500085,
  "max_lower_art_pressure_mmHg": 40.18143945125134,
  "max_lower_ven_pressure_mmHg": 14.48040374630262,
  "max_lpa_pressure_mmHg": 7.880841381622226,
  "max_lsa_pressure_mmHg": 51.6416336512008,
  "max_quasi_aao_arch_p_01_pressure_mmHg": 51.87842167871889,
  "max_quasi_aao_arch_p_02_pressure_mmHg": 51.58044039582916,
  "max_quasi_aao_arch_p_03_pressure_mmHg": 51.74788448197706,
  "max_quasi_dao_p_01_pressure_mmHg": 51.54988292717545,
  "max_quasi_dao_p_02_pressure_mmHg": 50.628392313802784,
  "max_quasi_dao_p_03_pressure_mmHg": 51.273467432829506,
  "max_quasi_dao_p_04_pressure_mmHg": 52.254009725232805,
  "max_quasi_dao_p_05_pressure_mmHg": 53.8254976857674,
  "max_quasi_ivc_p_01_pressure_mmHg": 8.628648253881845,
  "max_quasi_ivc_p_02_pressure_mmHg": 8.564936532471584,
  "max_quasi_ivc_p_03_pressure_mmHg": 8.480491949915363,
  "max_quasi_ivc_p_04_pressure_mmHg": 8.365848893766115,
  "max_quasi_lpa_p_01_pressure_mmHg": 8.176251264629036,
  "max_quasi_lpa_p_02_pressure_mmHg": 8.049903779526925,
  "max_quasi_lpa_p_03_pressure_mmHg": 7.9383171999480355,
  "max_quasi_rpa_p_01_pressure_mmHg": 8.127316883754807,
  "max_quasi_rpa_p_02_pressure_mmHg": 8.051847349004484,
  "max_quasi_svc_p_01_pressure_mmHg": 8.76489889648934,
  "max_quasi_svc_p_02_pressure_mmHg": 8.567013214290464,
  "max_right_lung_pressure_mid_mmHg": 7.420383480764985,
  "max_rpa_pressure_mmHg": 7.978273322597045,
  "max_svc_pressure_mmHg": 8.897667699691366,
  "max_tcpc_pressure_mmHg": 8.207098659268933,
  "max_upper_art_pressure_mmHg": 43.962370443094315,
  "max_upper_ven_pressure_mmHg": 19.225841510317213,
  "mean_aao_arch_inlet_flow_ml_s": 41.99669896511627,
  "mean_aao_arch_outlet_flow_ml_s": 41.99935263325775,
  "mean_aao_pressure_mmHg": 47.43882286653458,
  "mean_active_atrium_volume_ml": 75.65867034217727,
  "mean_aortic_arch_pressure_mmHg": 47.42652740370264,
  "mean_arch_bca.flow_ml_s": 10.1158103142037,
  "mean_arch_lcca.flow_ml_s": 5.171635118574307,
  "mean_arch_lsa.flow_ml_s": 5.171635118574307,
  "mean_atrial_pressure_mmHg": 5.235576158494962,
  "mean_bca_pressure_mmHg": 47.02189593812001,
  "mean_cavity_pressure_mmHg": 25.004676033524227,
  "mean_dao_inlet_flow_ml_s": 21.553164586015402,
  "mean_dao_outlet_flow_ml_s": 21.550771888484412,
  "mean_dao_pressure_mmHg": 47.3412814896207,
  "mean_fenestration.flow_ml_s": 3.442196990644694e-06,
  "mean_ivc_inlet_flow_ml_s": 21.2398980564203,
  "mean_ivc_outlet_flow_ml_s": 21.23892921664915,
  "mean_ivc_pressure_mmHg": 8.677765093159506,
  "mean_lcca_pressure_mmHg": 47.11623002279746,
  "mean_left_lung.flow_ml_s": 17.062621627589504,
  "mean_left_lung_dist.flow_ml_s": 17.062621627589504,
  "mean_left_lung_pressure_mid_mmHg": 6.383461342020191,
  "mean_left_lung_prox.flow_ml_s": 17.078245672246233,
  "mean_lower_art_pressure_mmHg": 39.6139155852822,
  "mean_lower_ra4.flow_ml_s": 21.2945987356671,
  "mean_lower_rc2.flow_ml_s": 21.31341563049374,
  "mean_lower_rv2.flow_ml_s": 21.31111491785054,
  "mean_lower_ven_pressure_mmHg": 14.477784555036397,
  "mean_lpa_inlet_flow_ml_s": 17.083024206650382,
  "mean_lpa_outlet_flow_ml_s": 17.08296296106228,
  "mean_lpa_pressure_mmHg": 7.532397630689731,
  "mean_lsa_pressure_mmHg": 47.11623002279746,
  "mean_quasi_aao_arch_p_01_pressure_mmHg": 47.43725099873315,
  "mean_quasi_aao_arch_p_02_pressure_mmHg": 47.43501715416115,
  "mean_quasi_aao_arch_p_03_pressure_mmHg": 47.431795374108034,
  "mean_quasi_aao_arch_rl_01.flux_ml_s": 41.99669896511627,
  "mean_quasi_aao_arch_rl_02.flux_ml_s": 41.99803537104411,