{
  "CO_from_valve_arterial.flux_L_min": 2.500292267421388,
  "CO_from_valve_atrium.flux_L_min": 2.4825538588029255,
  "EDV_ml": 71.94703868536543,
  "ESV_ml": 36.317582443748,
  "SV_from_volume_ml": 35.629456241617426,
  "aao_arch_cycle_storage_ml": -0.0003267065201679282,
  "aao_arch_mass_balance_rel": 4.589457265199052e-06,
  "atrium_cycle_balance_rel": 0.00015605767143088238,
  "dao_cycle_storage_ml": -0.0002653742541435433,
  "dao_mass_balance_rel": 7.176188118740806e-06,
  "integral_aao_arch_inlet_flow_ml": 35.59299083521987,
  "integral_aao_arch_outlet_flow_ml": 35.593317541740035,
  "integral_arch_bca.flow_ml": 8.459600322883324,
  "integral_arch_lcca.flow_ml": 4.324263605064124,
  "integral_arch_lsa.flow_ml": 4.324263605064124,
  "integral_dao_inlet_flow_ml": 18.48978492270643,
  "integral_dao_outlet_flow_ml": 18.490050296960575,
  "integral_fenestration.flow_ml": 2.861966254883739e-06,
  "integral_ivc_inlet_flow_ml": 18.45021785427343,
  "integral_ivc_outlet_flow_ml": 18.449324664195778,
  "integral_left_lung.flow_ml": 14.560620081373031,
  "integral_left_lung_dist.flow_ml": 14.560620081373031,
  "integral_left_lung_prox.flow_ml": 14.567170722260345,
  "integral_lower_ra4.flow_ml": 18.496614927746077,
  "integral_lower_rc2.flow_ml": 18.523470397051888,
  "integral_lower_rv2.flow_ml": 18.51908001046732,
  "integral_lpa_inlet_flow_ml": 14.569890663207547,
  "integral_lpa_outlet_flow_ml": 14.569848484007226,
  "integral_quasi_aao_arch_rl_01.flux_ml": 35.59299083521987,
  "integral_quasi_aao_arch_rl_02.flux_ml": 35.59327061647426,
  "integral_quasi_aao_arch_rl_03.flux_ml": 35.59334023685959,
  "integral_quasi_aao_arch_rl_04.flux_ml": 35.593317541740035,
  "integral_quasi_dao_rl_01.flux_ml": 18.48978492270643,
  "integral_quasi_dao_rl_02.flux_ml": 18.489844681144444,
  "integral_quasi_dao_rl_03.flux_ml": 18.489918968675006,
  "integral_quasi_dao_rl_04.flux_ml": 18.489966609678028,
  "integral_quasi_dao_rl_05.flux_ml": 18.49001030932185,
  "integral_quasi_dao_rl_06.flux_ml": 18.490050296960575,
  "integral_quasi_ivc_rl_01.flux_ml": 18.45021785427343,
  "integral_quasi_ivc_rl_02.flux_ml": 18.449937328711684,
  "integral_quasi_ivc_rl_03.flux_ml": 18.44969611568208,
  "integral_quasi_ivc_rl_04.flux_ml": 18.449492452087217,
  "integral_quasi_ivc_rl_05.flux_ml": 18.449324664195778,
  "integral_quasi_lpa_rl_01.flux_ml": 14.569890663207547,
  "integral_quasi_lpa_rl_02.flux_ml": 14.569868128635804,
  "integral_quasi_lpa_rl_03.flux_ml": 14.569855152839347,
  "integral_quasi_lpa_rl_04.flux_ml": 14.569848484007226,
  "integral_quasi_rpa_rl_01.flux_ml": 21.042953725072262,
  "integral_quasi_rpa_rl_02.flux_ml": 21.04293829369311,
  "integral_quasi_rpa_rl_03.flux_ml": 21.042923050044696,
  "integral_quasi_svc_rl_01.flux_ml": 17.164053739791203,
  "integral_quasi_svc_rl_02.flux_ml": 17.164012034060754,
  "integral_quasi_svc_rl_03.flux_ml": 17.16397747693096,
  "integral_right_lung.flow_ml": 21.033819439112595,
  "integral_right_lung_dist.flow_ml": 21.033819439112595,
  "integral_right_lung_prox.flow_ml": 21.04023785490543,
  "integral_rpa_inlet_flow_ml": 21.042953725072262,
  "integral_rpa_outlet_flow_ml": 21.042923050044696,
  "integral_svc_inlet_flow_ml": 17.164053739791203,
  "integral_svc_outlet_flow_ml": 17.16397747693096,
  "integral_upper_bca_to_ca1.flow_ml": 8.462354552254025,
  "integral_upper_lcca_to_ca1.flow_ml": 4.325635509450379,
  "integral_upper_lsa_to_ca1.flow_ml": 4.325635509450379,
  "integral_upper_rc1.flow_ml": 17.130271225003625,
  "integral_upper_rv1.flow_ml": 17.19362222566804,
  "integral_valve_arterial.flux_ml": 35.58926951349387,
  "integral_valve_atrium.flux_ml": 35.5833345443269,
  "ivc_cycle_storage_ml": 0.0008931900776520973,
  "ivc_mass_balance_rel": 2.420599326348899e-05,
  "lpa_cycle_storage_ml": 4.217920032139493e-05,
  "lpa_mass_balance_rel": 1.4474803671665336e-06,
  "max_aao_pressure_mmHg": 52.50423591625614,
  "max_active_atrium_activation": 0.9999906897502774,
  "max_active_atrium_elastance": 66660534.52708243,
  "max_active_atrium_volume_ml": 88.32874720871992,
  "max_aortic_arch_pressure_mmHg": 52.96741179638034,
  "max_atrial_pressure_mmHg": 9.76358388401115,
  "max_bca_pressure_mmHg": 51.60821200800319,
  "max_cavity_pressure_mmHg": 53.41508630091245,
  "max_dao_pressure_mmHg": 56.167020671067284,
  "max_ivc_pressure_mmHg": 8.610221786473472,
  "max_lcca_pressure_mmHg": 51.96853679623287,
  "max_left_lung_pressure_mid_mmHg": 7.2806290491421,
  "max_lower_art_pressure_mmHg": 40.492799393192605,
  "max_lower_ven_pressure_mmHg": 14.470435386951422,
  "max_lpa_pressure_mmHg": 7.827092634215263,
  "max_lsa_pressure_mmHg": 51.96853679623287,
  "max_quasi_aao_arch_p_01_pressure_mmHg": 52.28714825087777,
  "max_quasi_aao_arch_p_02_pressure_mmHg": 51.96633459027153,
  "max_quasi_aao_arch_p_03_pressure_mmHg": 52.11817380855735,
  "max_quasi_dao_p_01_pressure_mmHg": 51.896054212000735,
  "max_quasi_dao_p_02_pressure_mmHg": 51.03090630791009,
  "max_quasi_dao_p_03_pressure_mmHg": 51.67405960315774,
  "max_quasi_dao_p_04_pressure_mmHg": 52.661316742726946,
  "max_quasi_dao_p_05_pressure_mmHg": 54.21736703613732,
  "max_quasi_ivc_p_01_pressure_mmHg": 8.545122106653151,
  "max_quasi_ivc_p_02_pressure_mmHg": 8.482970180685875,
  "max_quasi_ivc_p_03_pressure_mmHg": 8.400368988299606,
  "max_quasi_ivc_p_04_pressure_mmHg": 8.28799737836148,
  "max_quasi_lpa_p_01_pressure_mmHg": 8.10564937235275,
  "max_quasi_lpa_p_02_pressure_mmHg": 7.987131394249916,
  "max_quasi_lpa_p_03_pressure_mmHg": 7.881183057272055,
  "max_quasi_rpa_p_01_pressure_mmHg": 8.057465556236785,
  "max_quasi_rpa_p_02_pressure_mmHg": 7.987625794567958,
  "max_quasi_svc_p_01_pressure_mmHg": 8.655976780031688,
  "max_quasi_svc_p_02_pressure_mmHg": 8.470138901395103,
  "max_right_lung_pressure_mid_mmHg": 7.51990263378893,
  "max_rpa_pressure_mmHg": 7.920042350133186,
  "max_svc_pressure_mmHg": 8.782986070207695,
  "max_tcpc_pressure_mmHg": 8.132015694129223,
  "max_upper_art_pressure_mmHg": 44.300073385685515,
  "max_upper_ven_pressure_mmHg": 19.254464969697413,
  "mean_aao_arch_inlet_flow_ml_s": 41.7515423134173,
  "mean_aao_arch_outlet_flow_ml_s": 41.75425842589506,
  "mean_aao_pressure_mmHg": 47.85325303491785,
  "mean_active_atrium_volume_ml": 75.69510655578051,
  "mean_aortic_arch_pressure_mmHg": 47.84109082958883,
  "mean_arch_bca.flow_ml_s": 9.859205131485446,
  "mean_arch_lcca.flow_ml_s": 5.040419297041151,
  "mean_arch_lsa.flow_ml_s": 5.040419297041151,
  "mean_atrial_pressure_mmHg": 5.257740400743655,
  "mean_bca_pressure_mmHg": 47.43094885600115,
  "mean_cavity_pressure_mmHg": 25.244539466049183,
  "mean_dao_inlet_flow_ml_s": 21.82598233674547,
  "mean_dao_outlet_flow_ml_s": 21.82347740984414,
  "mean_dao_pressure_mmHg": 47.754611801828176,
  "mean_fenestration.flow_ml_s": 3.3358047813412164e-06,
  "mean_ivc_inlet_flow_ml_s": 21.510367251638495,
  "mean_ivc_outlet_flow_ml_s": 21.509363705906217,
  "mean_ivc_pressure_mmHg": 8.593537375100793,
  "mean_lcca_pressure_mmHg": 47.52656940154857,
  "mean_left_lung.flow_ml_s": 16.965104503714787,
  "mean_left_lung_dist.flow_ml_s": 16.965104503714787,
  "mean_left_lung_pressure_mid_mmHg": 6.567782704542729,
  "mean_left_lung_prox.flow_ml_s": 16.978706308886295,
  "mean_lower_art_pressure_mmHg": 39.927757101994,
  "mean_lower_ra4.flow_ml_s": 21.56876382698054,
  "mean_lower_rc2.flow_ml_s": 21.587984095685258,
  "mean_lower_rv2.flow_ml_s": 21.583951121883963,
  "mean_lower_ven_pressure_mmHg": 14.467811764483749,
  "mean_lpa_inlet_flow_ml_s": 16.983355233172194,
  "mean_lpa_outlet_flow_ml_s": 16.98329369250051,
  "mean_lpa_pressure_mmHg": 7.441844459700239,
  "mean_lsa_pressure_mmHg": 47.52656940154857,
  "mean_quasi_aao_arch_p_01_pressure_mmHg": 47.85168851189356,
  "mean_quasi_aao_arch_p_02_pressure_mmHg": 47.84945490613212,
  "mean_quasi_aao_arch_p_03_pressure_mmHg": 47.84622272840215,
  "mean_quasi_aao_arch_rl_01.flux_ml_s": 41.7515423134173,
  "mean_quasi_aao_arch_rl_02.flux_ml_s": 41.75301449659812,