{
  "CO_from_valve_arterial.flux_L_min": 2.6781347666931277,
  "CO_from_valve_atrium.flux_L_min": 2.6595137788489605,
  "EDV_ml": 71.72016964967906,
  "ESV_ml": 33.55438142779408,
  "SV_from_volume_ml": 38.16578822188499,
  "aao_arch_cycle_storage_ml": -0.00022773102368168867,
  "aao_arch_mass_balance_rel": 2.986362790708034e-06,
  "atrium_cycle_balance_rel": 0.0001329150820424368,
  "dao_cycle_storage_ml": -0.0002544716900916501,
  "dao_mass_balance_rel": 6.207546937458017e-06,
  "integral_aao_arch_inlet_flow_ml": 38.12837882587844,
  "integral_aao_arch_outlet_flow_ml": 38.12860655690212,
  "integral_arch_bca.flow_ml": 8.720614590477703,
  "integral_arch_lcca.flow_ml": 4.457684664547233,
  "integral_arch_lsa.flow_ml": 4.457684664547233,
  "integral_dao_inlet_flow_ml": 20.49683337108098,
  "integral_dao_outlet_flow_ml": 20.497087842771073,
  "integral_fenestration.flow_ml": 2.906156677579271e-06,
  "integral_ivc_inlet_flow_ml": 20.459348718910018,
  "integral_ivc_outlet_flow_ml": 20.458562248669715,
  "integral_left_lung.flow_ml": 15.597922632882614,
  "integral_left_lung_dist.flow_ml": 15.597922632882614,
  "integral_left_lung_prox.flow_ml": 15.6038543283991,
  "integral_lower_ra4.flow_ml": 20.502894149078855,
  "integral_lower_rc2.flow_ml": 20.526204208570398,
  "integral_lower_rv2.flow_ml": 20.520207210413005,
  "integral_lpa_inlet_flow_ml": 15.606240951224581,
  "integral_lpa_outlet_flow_ml": 15.606204025891497,
  "integral_quasi_aao_arch_rl_01.flux_ml": 38.12837882587844,
  "integral_quasi_aao_arch_rl_02.flux_ml": 38.12875716006057,
  "integral_quasi_aao_arch_rl_03.flux_ml": 38.128783217538675,
  "integral_quasi_aao_arch_rl_04.flux_ml": 38.12860655690212,
  "integral_quasi_dao_rl_01.flux_ml": 20.49683337108098,
  "integral_quasi_dao_rl_02.flux_ml": 20.496885324719518,
  "integral_quasi_dao_rl_03.flux_ml": 20.496959167616158,
  "integral_quasi_dao_rl_04.flux_ml": 20.497006130359736,
  "integral_quasi_dao_rl_05.flux_ml": 20.497049588253862,
  "integral_quasi_dao_rl_06.flux_ml": 20.497087842771073,
  "integral_quasi_ivc_rl_01.flux_ml": 20.459348718910018,
  "integral_quasi_ivc_rl_02.flux_ml": 20.459101125842597,
  "integral_quasi_ivc_rl_03.flux_ml": 20.458888569990958,
  "integral_quasi_ivc_rl_04.flux_ml": 20.458709449677052,
  "integral_quasi_ivc_rl_05.flux_ml": 20.458562248669715,
  "integral_quasi_lpa_rl_01.flux_ml": 15.606240951224581,
  "integral_quasi_lpa_rl_02.flux_ml": 15.606221239016646,
  "integral_quasi_lpa_rl_03.flux_ml": 15.606209873623756,
  "integral_quasi_lpa_rl_04.flux_ml": 15.606204025891497,
  "integral_quasi_rpa_rl_01.flux_ml": 22.54021827264096,
  "integral_quasi_rpa_rl_02.flux_ml": 22.540204753816322,
  "integral_quasi_rpa_rl_03.flux_ml": 22.540191368563438,
  "integral_quasi_svc_rl_01.flux_ml": 17.688362370400657,
  "integral_quasi_svc_rl_02.flux_ml": 17.688326884369623,
  "integral_quasi_svc_rl_03.flux_ml": 17.688297158270338,
  "integral_right_lung.flow_ml": 22.531969105526713,
  "integral_right_lung_dist.flow_ml": 22.531969105526713,
  "integral_right_lung_prox.flow_ml": 22.537827781918946,
  "integral_rpa_inlet_flow_ml": 22.54021827264096,
  "integral_rpa_outlet_flow_ml": 22.540191368563438,
  "integral_svc_inlet_flow_ml": 17.688362370400657,
  "integral_svc_outlet_flow_ml": 17.688297158270338,
  "integral_upper_bca_to_ca1.flow_ml": 8.723101266606223,
  "integral_upper_lcca_to_ca1.flow_ml": 4.458923826975589,
  "integral_upper_lsa_to_ca1.flow_ml": 4.458923826975589,
  "integral_upper_rc1.flow_ml": 17.655923107660758,
  "integral_upper_rv1.flow_ml": 17.713335641559937,
  "integral_valve_arterial.flux_ml": 38.12502772891502,
  "integral_valve_atrium.flux_ml": 38.11975991547432,
  "ivc_cycle_storage_ml": 0.000786470240305261,
  "ivc_mass_balance_rel": 1.922068408891109e-05,
  "lpa_cycle_storage_ml": 3.69253330847032e-05,
  "lpa_mass_balance_rel": 1.1830323805325915e-06,
  "max_aao_pressure_mmHg": 52.650085787556435,
  "max_active_atrium_activation": 0.9999906897502774,
  "max_active_atrium_elastance": 66660534.52708243,
  "max_active_atrium_volume_ml": 89.22962333193958,
  "max_aortic_arch_pressure_mmHg": 53.264735130142995,
  "max_atrial_pressure_mmHg": 9.60828215249344,
  "max_bca_pressure_mmHg": 51.83379724025437,
  "max_cavity_pressure_mmHg": 53.71777424671755,
  "max_dao_pressure_mmHg": 56.286130984711974,
  "max_ivc_pressure_mmHg": 8.70165653429078,
  "max_lcca_pressure_mmHg": 52.213150336884226,
  "max_left_lung_pressure_mid_mmHg": 7.285871098021349,
  "max_lower_art_pressure_mmHg": 40.355585293659786,
  "max_lower_ven_pressure_mmHg": 14.499398542243156,
  "max_lpa_pressure_mmHg": 7.819917207041561,
  "max_lsa_pressure_mmHg": 52.213150336884226,
  "max_quasi_aao_arch_p_01_pressure_mmHg": 52.389815778585195,
  "max_quasi_aao_arch_p_02_pressure_mmHg": 52.0712314320074,
  "max_quasi_aao_arch_p_03_pressure_mmHg": 52.27465536426699,
  "max_quasi_dao_p_01_pressure_mmHg": 52.11310799258252,
  "max_quasi_dao_p_02_pressure_mmHg": 51.010688901456476,
  "max_quasi_dao_p_03_pressure_mmHg": 51.61412129296998,
  "max_quasi_dao_p_04_pressure_mmHg": 52.58257334376049,
  "max_quasi_dao_p_05_pressure_mmHg": 54.241926144155876,
  "max_quasi_ivc_p_01_pressure_mmHg": 8.630081156133118,
  "max_quasi_ivc_p_02_pressure_mmHg": 8.559209510599015,
  "max_quasi_ivc_p_03_pressure_mmHg": 8.464961674494214,
  "max_quasi_ivc_p_04_pressure_mmHg": 8.336802034708532,
  "max_quasi_lpa_p_01_pressure_mmHg": 8.128766914472818,
  "max_quasi_lpa_p_02_pressure_mmHg": 7.997733892029151,
  "max_quasi_lpa_p_03_pressure_mmHg": 7.880577712284949,
  "max_quasi_rpa_p_01_pressure_mmHg": 8.078263130235708,
  "max_quasi_rpa_p_02_pressure_mmHg": 8.002683891677208,
  "max_quasi_svc_p_01_pressure_mmHg": 8.695012197968074,
  "max_quasi_svc_p_02_pressure_mmHg": 8.50501792584063,
  "max_right_lung_pressure_mid_mmHg": 7.5281243370534145,
  "max_rpa_pressure_mmHg": 7.929508698564327,
  "max_svc_pressure_mmHg": 8.824232054292224,
  "max_tcpc_pressure_mmHg": 8.1590036744876,
  "max_upper_art_pressure_mmHg": 44.05768487839575,
  "max_upper_ven_pressure_mmHg": 19.19791408281945,
  "mean_aao_arch_inlet_flow_ml_s": 44.725466632645066,
  "mean_aao_arch_outlet_flow_ml_s": 44.72840316366711,
  "mean_aao_pressure_mmHg": 47.54094782213218,
  "mean_active_atrium_volume_ml": 76.09881647985833,
  "mean_aortic_arch_pressure_mmHg": 47.528069524932576,
  "mean_arch_bca.flow_ml_s": 10.163819714716547,
  "mean_arch_lcca.flow_ml_s": 5.196293573700141,
  "mean_arch_lsa.flow_ml_s": 5.196293573700141,
  "mean_atrial_pressure_mmHg": 5.297139657361351,
  "mean_bca_pressure_mmHg": 47.121517687823804,
  "mean_cavity_pressure_mmHg": 25.160478965983227,
  "mean_dao_inlet_flow_ml_s": 24.1844496895634,
  "mean_dao_outlet_flow_ml_s": 24.182193571078408,
  "mean_dao_pressure_mmHg": 47.43324604869037,
  "mean_fenestration.flow_ml_s": 3.387133228433899e-06,
  "mean_ivc_inlet_flow_ml_s": 23.8526215429828,
  "mean_ivc_outlet_flow_ml_s": 23.85170706835171,
  "mean_ivc_pressure_mmHg": 8.684264958684128,
  "mean_lcca_pressure_mmHg": 47.216292640182424,
  "mean_left_lung.flow_ml_s": 18.17102919992573,
  "mean_left_lung_dist.flow_ml_s": 18.17102919992573,
  "mean_left_lung_pressure_mid_mmHg": 6.572742921818294,
  "mean_left_lung_prox.flow_ml_s": 18.18671160225102,
  "mean_lower_art_pressure_mmHg": 39.68555192795164,
  "mean_lower_ra4.flow_ml_s": 23.912692139427723,
  "mean_lower_rc2.flow_ml_s": 23.92184796637624,
  "mean_lower_rv2.flow_ml_s": 23.916270020638287,
  "mean_lower_ven_pressure_mmHg": 14.495904972337577,
  "mean_lpa_inlet_flow_ml_s": 18.192035952453278,
  "mean_lpa_outlet_flow_ml_s": 18.19197005078086,
  "mean_lpa_pressure_mmHg": 7.423879032834071,
  "mean_lsa_pressure_mmHg": 47.216292640182424,
  "mean_quasi_aao_arch_p_01_pressure_mmHg": 47.53936538409591,
  "mean_quasi_aao_arch_p_02_pressure_mmHg": 47.53712572383462,
  "mean_quasi_aao_arch_p_03_pressure_mmHg": 47.53367217579831,
  "mean_quasi_aao_arch_rl_01.flux_ml_s": 44.725466632645066,
  "mean_quasi_aao_arch_rl_02.flux_ml_s": 44.72736853273917,