{
  "CO_from_valve_arterial.flux_L_min": 2.546669507876757,
  "CO_from_valve_atrium.flux_L_min": 2.5463506047937092,
  "EDV_ml": 72.36704173216829,
  "ESV_ml": 35.906736876718135,
  "SV_from_volume_ml": 36.460304855450154,
  "aao_arch_cycle_storage_ml": -0.0004056415986935331,
  "aao_arch_mass_balance_rel": 5.573004760170415e-06,
  "atrium_cycle_balance_rel": 3.9825278506877785e-06,
  "bca_cycle_storage_ml": -2.6305256423155292e-05,
  "bca_mass_balance_rel": 1.5165677314347197e-06,
  "coupled_aao_negative_area_count": 0,
  "coupled_bca_negative_area_count": 0,
  "coupled_dao_negative_area_count": 0,
  "coupled_ivc_negative_area_count": 0,
  "coupled_lcca_negative_area_count": 0,
  "coupled_lpa_negative_area_count": 0,
  "coupled_rpa_negative_area_count": 0,
  "coupled_svc_negative_area_count": 0,
  "dao_cycle_storage_ml": -0.0002717976665877141,
  "dao_mass_balance_rel": 7.225991574587524e-06,
  "integral_aao_arch_inlet_flow_ml": 36.39323448496353,
  "integral_aao_arch_outlet_flow_ml": 36.39364012656222,
  "integral_arch_lsa.flow_ml": 4.652101556833559,
  "integral_bca_inlet_flow_ml": 8.672615137027252,
  "integral_bca_outlet_flow_ml": 8.672641442283675,
  "integral_coupled_aao.flow_00_ml": 36.39323448496353,
  "integral_coupled_aao.flow_01_ml": 36.393453912294554,
  "integral_coupled_aao.flow_02_ml": 36.393535465598816,
  "integral_coupled_aao.flow_03_ml": 36.39364012656222,
  "integral_coupled_bca.flow_00_ml": 8.672615137027252,
  "integral_coupled_bca.flow_01_ml": 8.672641961549573,
  "integral_coupled_bca.flow_02_ml": 8.672648639233556,
  "integral_coupled_bca.flow_03_ml": 8.672641442283675,
  "integral_coupled_bca_loss.flow_ml": 8.672641442283673,
  "integral_coupled_dao.flow_00_ml": 18.806810094319413,
  "integral_coupled_dao.flow_01_ml": 18.806915408491037,
  "integral_coupled_dao.flow_02_ml": 18.806999581335646,
  "integral_coupled_dao.flow_03_ml": 18.807081891986,
  "integral_coupled_dao_loss.flow_ml": 18.807081891986,
  "integral_coupled_ivc.flow_00_ml": 18.801984900030092,
  "integral_coupled_ivc.flow_01_ml": 18.80196676698514,
  "integral_coupled_ivc.flow_02_ml": 18.801948774689574,
  "integral_coupled_ivc.flow_03_ml": 18.801930923054915,
  "integral_coupled_lcca.flow_00_ml": 4.262113338389803,
  "integral_coupled_lcca.flow_01_ml": 4.262122265261171,
  "integral_coupled_lcca.flow_02_ml": 4.262134748830139,
  "integral_coupled_lcca.flow_03_ml": 4.26214498748549,
  "integral_coupled_lcca_loss.flow_ml": 4.262144987485487,
  "integral_coupled_lpa.flow_00_ml": 13.345425277200471,
  "integral_coupled_lpa.flow_01_ml": 13.34542431761416,
  "integral_coupled_lpa.flow_02_ml": 13.34542363531995,
  "integral_coupled_lpa.flow_03_ml": 13.345423180487101,
  "integral_coupled_lpa.flow_04_ml": 13.345422928766713,
  "integral_coupled_lpa.flow_05_ml": 13.345422628836136,
  "integral_coupled_lpa.flow_06_ml": 13.345422276955277,
  "integral_coupled_rpa.flow_00_ml": 23.08248089650286,
  "integral_coupled_rpa.flow_01_ml": 23.082480097372784,
  "integral_coupled_rpa.flow_02_ml": 23.082479303347952,
  "integral_coupled_rpa.flow_03_ml": 23.08247851442617,
  "integral_coupled_svc.flow_00_ml": 17.62598228544759,
  "integral_coupled_svc.flow_01_ml": 17.625979937966704,
  "integral_coupled_svc.flow_02_ml": 17.62597759303454,
  "integral_coupled_svc.flow_03_ml": 17.625975250648416,
  "integral_dao_inlet_flow_ml": 18.806810094319413,
  "integral_dao_outlet_flow_ml": 18.807081891986,
  "integral_fenestration.flow_ml": 2.930351477514589e-06,
  "integral_ivc_inlet_flow_ml": 18.801984900030092,
  "integral_ivc_outlet_flow_ml": 18.801930923054915,
  "integral_lcca_inlet_flow_ml": 4.262113338389803,
  "integral_lcca_outlet_flow_ml": 4.26214498748549,
  "integral_left_lung.flow_ml": 13.337433671979188,
  "integral_left_lung_dist.flow_ml": 13.337433671979188,
  "integral_left_lung_prox.flow_ml": 13.342991687042398,
  "integral_lower_ra4.flow_ml": 18.822355927272334,
  "integral_lower_rc2.flow_ml": 18.84863742142417,
  "integral_lower_rv2.flow_ml": 18.854487613428148,
  "integral_lpa_inlet_flow_ml": 13.345425277200471,
  "integral_lpa_outlet_flow_ml": 13.345422276955277,
  "integral_right_lung.flow_ml": 23.075674969092486,
  "integral_right_lung_dist.flow_ml": 23.075674969092486,
  "integral_right_lung_prox.flow_ml": 23.080255856429886,
  "integral_rpa_inlet_flow_ml": 23.08248089650286,
  "integral_rpa_outlet_flow_ml": 23.08247851442617,
  "integral_svc_inlet_flow_ml": 17.62598228544759,
  "integral_svc_outlet_flow_ml": 17.625975250648416,
  "integral_upper_bca_to_ca1.flow_ml": 8.673369120057876,
  "integral_upper_lcca_to_ca1.flow_ml": 4.263719149073998,
  "integral_upper_lsa_to_ca1.flow_ml": 4.653168474461531,
  "integral_upper_rc1.flow_ml": 17.61248802070526,
  "integral_upper_rv1.flow_ml": 17.660447077972563,
  "integral_valve_arterial.flux_ml": 36.38820082037772,
  "integral_valve_atrium.flux_ml": 36.41282154011628,
  "ivc_cycle_storage_ml": 5.397697517561264e-05,
  "ivc_mass_balance_rel": 1.435408360877162e-06,
  "lcca_cycle_storage_ml": -3.164909568669866e-05,
  "lcca_mass_balance_rel": 3.712826907992141e-06,
  "lpa_cycle_storage_ml": 3.0002451938864264e-06,
  "lpa_mass_balance_rel": 1.1240726573731012e-07,
  "max_aao_pressure_mmHg": 52.820588096797174,
  "max_abs_coupled_aortic_arch_junction_mass_balance_ml_s": 2.0498197323554072e-12,
  "max_abs_coupled_tcpc_junction_mass_balance_ml_s": 1.4365678785432936e-12,
  "max_active_atrium_activation": 0.9999986907424956,
  "max_active_atrium_elastance": 66660934.54268912,
  "max_active_atrium_volume_ml": 89.15813536799607,
  "max_atrial_pressure_mmHg": 10.053267852938127,
  "max_bca_pressure_mmHg": 52.79511093700088,
  "max_cavity_pressure_mmHg": 52.76498954647379,
  "max_coupled_1d_area_m2": 0.0005724095294858,
  "max_coupled_aao_arch_pressure_mmHg": 60.749155195359464,
  "max_coupled_aao_area_m2": 0.0004235310492047,
  "max_coupled_aao_stored_volume_ml": 12.278759423028202,
  "max_coupled_aortic_arch_junction_total_pressure_spread_mmHg": 2.030279254029227,
  "max_coupled_bca_arch_pressure_mmHg": 58.81384061740426,
  "max_coupled_bca_area_m2": 9.389283312200456e-05,
  "max_coupled_bca_out_pressure_mmHg": 56.62515038907269,
  "max_coupled_bca_stored_volume_ml": 2.3434222117787797,
  "max_coupled_dao_arch_pressure_mmHg": 58.59901953396106,
  "max_coupled_dao_area_m2": 0.0001717724105336,
  "max_coupled_dao_out_pressure_mmHg": 53.435109291571926,
  "max_coupled_dao_stored_volume_ml": 15.449001608664002,
  "max_coupled_ivc_area_m2": 0.0005724095294858,
  "max_coupled_ivc_stored_volume_ml": 31.482049195457673,
  "max_coupled_ivc_tcpc_pressure_mmHg": 9.113442519318754,
  "max_coupled_lcca_arch_pressure_mmHg": 58.51183459276557,
  "max_coupled_lcca_area_m2": 3.295827117470077e-05,
  "max_coupled_lcca_out_pressure_mmHg": 56.30862201281767,
  "max_coupled_lcca_stored_volume_ml": 0.9877166301494519,
  "max_coupled_lpa_area_m2": 7.528069294235033e-05,
  "max_coupled_lpa_stored_volume_ml": 1.7580659325011434,
  "max_coupled_lpa_tcpc_pressure_mmHg": 9.027004809551508,
  "max_coupled_lsa_arch_pressure_mmHg": 59.06494135720703,
  "max_coupled_rpa_area_m2": 0.0001338696330508,
  "max_coupled_rpa_stored_volume_ml": 1.6064030355668,
  "max_coupled_rpa_tcpc_pressure_mmHg": 9.29842442279438,
  "max_coupled_svc_area_m2": 0.000275017590794,
  "max_coupled_svc_stored_volume_ml": 4.1251988718395,
  "max_coupled_svc_tcpc_pressure_mmHg": 9.063242419819419,
  "max_coupled_tcpc_junction_total_pressure_spread_mmHg": 0.35906042653124337,
  "max_dao_pressure_mmHg": 47.087627634007944,
  "max_ivc_pressure_mmHg": 8.74496069514052,
  "max_lcca_pressure_mmHg": 53.055630858964406,
  "max_left_lung_pressure_mid_mmHg": 7.401405919359924,
  "max_lower_art_pressure_mmHg": 37.48086775965807,
  "max_lower_ven_pressure_mmHg": 14.068153487917122,
  "max_lpa_pressure_mmHg": 8.042121145023778,
  "max_lsa_pressure_mmHg": 52.47580482891177,
  "max_right_lung_pressure_mid_mmHg": 7.923171131300691,
  "max_rpa_pressure_mmHg": 8.600439338930762,