{
  "CO_from_valve_arterial.flux_L_min": -0.002839466569442787,
  "CO_from_valve_atrium.flux_L_min": -1.4693001483276685e-05,
  "EDV_ml": 42.025687261104096,
  "ESV_ml": 42.02451620064476,
  "SV_from_volume_ml": 0.001171060459334683,
  "aao_arch_cycle_storage_ml": -0.18112133250775023,
  "aao_arch_mass_balance_rel": 0.030003187522083627,
  "atrium_cycle_balance_rel": 0.9999999994818195,
  "bca_cycle_storage_ml": 0.005503660198090439,
  "bca_mass_balance_rel": 0.003333548165920713,
  "coupled_aao_negative_area_count": 0,
  "coupled_bca_negative_area_count": 0,
  "coupled_dao_negative_area_count": 0,
  "coupled_ivc_negative_area_count": 0,
  "coupled_lcca_negative_area_count": 0,
  "coupled_lpa_negative_area_count": 0,
  "coupled_rpa_negative_area_count": 0,
  "coupled_svc_negative_area_count": 0,
  "dao_cycle_storage_ml": 0.11185665357833327,
  "dao_mass_balance_rel": 0.08130396839786287,
  "integral_aao_arch_inlet_flow_ml": 2.927807504535212,
  "integral_aao_arch_outlet_flow_ml": 3.108928837042962,
  "integral_arch_lsa.flow_ml": 1.2464769831256413,
  "integral_bca_inlet_flow_ml": 0.8282476562913154,
  "integral_bca_outlet_flow_ml": 0.8227439960932249,
  "integral_coupled_aao.flow_00_ml": 2.927807504535212,
  "integral_coupled_aao.flow_01_ml": 3.013521408119576,
  "integral_coupled_aao.flow_02_ml": 3.076030264822818,
  "integral_coupled_aao.flow_03_ml": 3.108928837042962,
  "integral_coupled_bca.flow_00_ml": 0.8282476562913154,
  "integral_coupled_bca.flow_01_ml": 0.8252478932222277,
  "integral_coupled_bca.flow_02_ml": 0.8193462005444115,
  "integral_coupled_bca.flow_03_ml": 0.8227439960932249,
  "integral_coupled_bca_loss.flow_ml": 0.8405241958396248,
  "integral_coupled_dao.flow_00_ml": 0.7438200478282687,
  "integral_coupled_dao.flow_01_ml": 0.7153600675595532,
  "integral_coupled_dao.flow_02_ml": 0.6437389264388012,
  "integral_coupled_dao.flow_03_ml": 0.6319633942499354,
  "integral_coupled_dao_loss.flow_ml": 0.631888675043204,
  "integral_coupled_ivc.flow_00_ml": 0.6030486917351052,
  "integral_coupled_ivc.flow_01_ml": 0.6026015909576392,
  "integral_coupled_ivc.flow_02_ml": 0.601354147698748,
  "integral_coupled_ivc.flow_03_ml": 0.6018341692538336,
  "integral_coupled_lcca.flow_00_ml": 0.3140841497987673,
  "integral_coupled_lcca.flow_01_ml": 0.3180527760752118,
  "integral_coupled_lcca.flow_02_ml": 0.31650794748331024,
  "integral_coupled_lcca.flow_03_ml": 0.31594846941182686,
  "integral_coupled_lcca_loss.flow_ml": 0.3406076012892182,
  "integral_coupled_lpa.flow_00_ml": 0.4138073181779779,
  "integral_coupled_lpa.flow_01_ml": 0.41387930971589704,
  "integral_coupled_lpa.flow_02_ml": 0.4140019476696138,
  "integral_coupled_lpa.flow_03_ml": 0.4141710409422729,
  "integral_coupled_lpa.flow_04_ml": 0.4142741770792436,
  "integral_coupled_lpa.flow_05_ml": 0.41436562476364186,
  "integral_coupled_lpa.flow_06_ml": 0.4144428880190588,
  "integral_coupled_rpa.flow_00_ml": 0.7904655479372334,
  "integral_coupled_rpa.flow_01_ml": 0.7906266772469065,
  "integral_coupled_rpa.flow_02_ml": 0.7908357868032333,
  "integral_coupled_rpa.flow_03_ml": 0.7911104585085676,
  "integral_coupled_svc.flow_00_ml": 0.6023946783213042,
  "integral_coupled_svc.flow_01_ml": 0.6023955397281773,
  "integral_coupled_svc.flow_02_ml": 0.6024021230547111,
  "integral_coupled_svc.flow_03_ml": 0.6024386968613776,
  "integral_dao_inlet_flow_ml": 0.7438200478282687,
  "integral_dao_outlet_flow_ml": 0.6319633942499354,
  "integral_fenestration.flow_ml": 1.5778711692495122e-07,
  "integral_ivc_inlet_flow_ml": 0.6030486917351052,
  "integral_ivc_outlet_flow_ml": 0.6018341692538336,
  "integral_lcca_inlet_flow_ml": 0.3140841497987673,
  "integral_lcca_outlet_flow_ml": 0.31594846941182686,
  "integral_left_lung.flow_ml": 0.788864307057308,
  "integral_left_lung_dist.flow_ml": 0.788864307057308,
  "integral_left_lung_prox.flow_ml": 0.8821810745545909,
  "integral_lower_ra4.flow_ml": 0.8703673411005939,
  "integral_lower_rc2.flow_ml": 0.8884795231167856,
  "integral_lower_rv2.flow_ml": 0.8857789111862135,
  "integral_lpa_inlet_flow_ml": 0.4138073181779779,
  "integral_lpa_outlet_flow_ml": 0.4144428880190588,
  "integral_right_lung.flow_ml": 1.1409587679096007,
  "integral_right_lung_dist.flow_ml": 1.1409587679096007,
  "integral_right_lung_prox.flow_ml": 1.259391644227267,
  "integral_rpa_inlet_flow_ml": 0.7904655479372334,
  "integral_rpa_outlet_flow_ml": 0.7911104585085676,
  "integral_svc_inlet_flow_ml": 0.6023946783213042,
  "integral_svc_outlet_flow_ml": 0.6024386968613776,
  "integral_upper_bca_to_ca1.flow_ml": 0.12019272465327652,
  "integral_upper_lcca_to_ca1.flow_ml": 0.05499323745159819,
  "integral_upper_lsa_to_ca1.flow_ml": 0.14134281752027697,
  "integral_upper_rc1.flow_ml": 0.8385748370591685,
  "integral_upper_rv1.flow_ml": 0.8413780557221667,
  "integral_valve_arterial.flux_ml": -0.0011774011376605332,
  "integral_valve_atrium.flux_ml": -6.101088099046281e-06,
  "ivc_cycle_storage_ml": 0.0012145224812715619,
  "ivc_mass_balance_rel": 0.0010080004617766002,
  "lcca_cycle_storage_ml": -0.001864319613059566,
  "lcca_mass_balance_rel": 0.002959084265250266,
  "lpa_cycle_storage_ml": -0.0006355698410809045,
  "lpa_mass_balance_rel": 0.0007673645422097738,
  "max_aao_pressure_mmHg": 74.4994956159,
  "max_abs_coupled_aortic_arch_junction_mass_balance_ml_s": 2.676624113323589e-13,
  "max_abs_coupled_tcpc_junction_mass_balance_ml_s": 6.776263578034403e-14,
  "max_active_atrium_activation": 0.0,
  "max_active_atrium_elastance": 16665250.0,
  "max_active_atrium_volume_ml": 41.98983443378656,
  "max_atrial_pressure_mmHg": 0.24872872210720554,
  "max_bca_pressure_mmHg": 66.25590048409761,
  "max_cavity_pressure_mmHg": 0.5027526567195758,
  "max_coupled_1d_area_m2": 0.000571196050094,
  "max_coupled_aao_arch_pressure_mmHg": 80.19943889312259,
  "max_coupled_aao_area_m2": 0.0004616624817634,
  "max_coupled_aao_stored_volume_ml": 13.2932118819423,
  "max_coupled_aortic_arch_junction_total_pressure_spread_mmHg": 2.0333692803975594,
  "max_coupled_bca_arch_pressure_mmHg": 78.18503808624926,
  "max_coupled_bca_area_m2": 0.0001013005715819,
  "max_coupled_bca_out_pressure_mmHg": 70.83497243611106,
  "max_coupled_bca_stored_volume_ml": 2.497854155285662,
  "max_coupled_dao_arch_pressure_mmHg": 78.63067000044649,
  "max_coupled_dao_area_m2": 0.0001850511341424,
  "max_coupled_dao_out_pressure_mmHg": 68.53854860372293,
  "max_coupled_dao_stored_volume_ml": 16.540259255069998,
  "max_coupled_ivc_area_m2": 0.000571196050094,
  "max_coupled_ivc_stored_volume_ml": 31.413250278146005,
  "max_coupled_ivc_tcpc_pressure_mmHg": 6.94179951179727,
  "max_coupled_lcca_arch_pressure_mmHg": 78.26531356924922,
  "max_coupled_lcca_area_m2": 3.559351031779889e-05,
  "max_coupled_lcca_out_pressure_mmHg": 69.28675641058838,
  "max_coupled_lcca_stored_volume_ml": 1.0536138632443068,
  "max_coupled_lpa_area_m2": 7.510473599536859e-05,
  "max_coupled_lpa_stored_volume_ml": 1.7540504309913207,
  "max_coupled_lpa_tcpc_pressure_mmHg": 6.88672652586976,
  "max_coupled_lsa_arch_pressure_mmHg": 78.74197111400758,
  "max_coupled_rpa_area_m2": 0.0001335592906848,
  "max_coupled_rpa_stored_volume_ml": 1.6020913055552,
  "max_coupled_rpa_tcpc_pressure_mmHg": 6.888042477215842,
  "max_coupled_svc_area_m2": 0.0002744114511403,
  "max_coupled_svc_stored_volume_ml": 4.1160438125365,
  "max_coupled_svc_tcpc_pressure_mmHg": 7.022254579768328,
  "max_coupled_tcpc_junction_total_pressure_spread_mmHg": 0.35958770416291524,
  "max_dao_pressure_mmHg": 64.4995190195,
  "max_ivc_pressure_mmHg": 6.509079088313084,
  "max_lcca_pressure_mmHg": 65.8042855445546,
  "max_left_lung_pressure_mid_mmHg": 3.1229918534534313,
  "max_lower_art_pressure_mmHg": 53.00451884470001,
  "max_lower_ven_pressure_mmHg": 15.201619095163563,
  "max_lpa_pressure_mmHg": 5.4996571007399995,
  "max_lsa_pressure_mmHg": 69.90671160020577,
  "max_right_lung_pressure_mid_mmHg": 3.129270858518341,
  "max_rpa_pressure_mmHg": 5.4996571007399995,