{
  "model_config": "models/quasi_0d_1d/configs/fontan_quasi_baseline.jsonc",
  "model_csv": "runs/simulations/QuasiBaseline/eden_QuasiBaseline_1/main.csv",
  "reference_config": "models/full_0d/configs/fontan_0d_baseline.jsonc",
  "reference_csv": "runs/simulations/Baseline/eden_Baseline_3/main.csv",
  "source_id": "direct_measurement",
  "waveforms": [
    {
      "amplitude_relative_error": -0.6963751830472802,
      "canonical_name": "aortic_arch_pressure",
      "improves_normalized_rmse": true,
      "model_amplitude": 9.052768721761339,
      "model_peak_phase": 0.92074592074592,
      "normalized_rmse": 0.351823723643785,
      "peak_phase_error": 0.2820512820512825,
      "reference_amplitude_relative_error": -0.7128745929686413,
      "reference_normalized_rmse": 0.3540514894491706,
      "reference_peak_phase_error": 0.16317016317016292,
      "target_amplitude": 29.815641595499187,
      "target_peak_phase": 0.2027972027972025
    },
    {
      "amplitude_relative_error": 0.38353161424128507,
      "canonical_name": "ascending_aorta_flow",
      "improves_normalized_rmse": false,
      "model_amplitude": 268.6165422565902,
      "model_peak_phase": 0.885780885780885,
      "normalized_rmse": 0.5758468279325464,
      "peak_phase_error": 0.35431235431235475,
      "reference_amplitude_relative_error": -0.05796295002854229,
      "reference_normalized_rmse": 0.4994873664240247,
      "reference_peak_phase_error": 0.40093240093240134,
      "target_amplitude": 194.15280394868088,
      "target_peak_phase": 0.2400932400932397
    },
    {
      "amplitude_relative_error": -0.7022727629293366,
      "canonical_name": "ascending_aorta_pressure",
      "improves_normalized_rmse": true,
      "model_amplitude": 8.674208063598108,
      "model_peak_phase": 0.9790209790209784,
      "normalized_rmse": 0.34439373539695134,
      "peak_phase_error": 0.21911421911421947,
      "reference_amplitude_relative_error": -0.6550611644366973,
      "reference_normalized_rmse": 0.35139434666228414,
      "reference_peak_phase_error": 0.19114219114219091,
      "target_amplitude": 29.134748130347738,
      "target_peak_phase": 0.1981351981351978
    },
    {
      "amplitude_relative_error": 1.4266275561381196,
      "canonical_name": "descending_aorta_flow",
      "improves_normalized_rmse": false,
      "model_amplitude": 218.80091791931272,
      "model_peak_phase": 0.0116550116550116,
      "normalized_rmse": 0.9503235792562003,
      "peak_phase_error": 0.29720279720279713,
      "reference_amplitude_relative_error": -0.5462619282558946,
      "reference_normalized_rmse": 0.433747643475799,
      "reference_peak_phase_error": 0.3578088578088583,
      "target_amplitude": 90.16666664229496,
      "target_peak_phase": 0.3088578088578087
    },
    {
      "amplitude_relative_error": -0.47608323227463073,
      "canonical_name": "descending_aorta_pressure",
      "improves_normalized_rmse": true,
      "model_amplitude": 13.721079253793064,
      "model_peak_phase": 0.1375291375291374,
      "normalized_rmse": 0.42178533843691846,
      "peak_phase_error": 0.07226107226107209,
      "reference_amplitude_relative_error": -0.8400331471772096,
      "reference_normalized_rmse": 0.46634935647225334,
      "reference_peak_phase_error": 0.04895104895104879,
      "target_amplitude": 26.18942568561861,
      "target_peak_phase": 0.2097902097902095
    },
    {
      "amplitude_relative_error": -0.7293077921084758,
      "canonical_name": "ivc_flow",
      "improves_normalized_rmse": true,
      "model_amplitude": 6.0453189872367865,
      "model_peak_phase": 0.0209790209790209,
      "normalized_rmse": 0.2537906589158543,
      "peak_phase_error": 0.04545454545454539,
      "reference_amplitude_relative_error": -0.6284559818393831,
      "reference_normalized_rmse": 0.26529370033881333,
      "reference_peak_phase_error": 0.08508158508158581,
      "target_amplitude": 22.33281494995732,
      "target_peak_phase": 0.0664335664335663
    },
    {
      "amplitude_relative_error": -0.9827551322880306,
      "canonical_name": "ivc_pressure",
      "improves_normalized_rmse": true,
      "model_amplitude": 0.019247453216793886,
      "model_peak_phase": 0.829836829836829,
      "normalized_rmse": 0.3192616662713804,
      "peak_phase_error": 0.3484848484848482,
      "reference_amplitude_relative_error": -0.9782170018434853,
      "reference_normalized_rmse": 0.4373146372259371,
      "reference_peak_phase_error": 0.3344988344988342,
      "target_amplitude": 1.1161264637266228,
      "target_peak_phase": 0.4813519813519809
    },
    {
      "amplitude_relative_error": -0.7861257535309527,
      "canonical_name": "lpa_flow",
      "improves_normalized_rmse": false,
      "model_amplitude": 3.065451389003405,
      "model_peak_phase": 0.1515151515151513,
      "normalized_rmse": 0.2417989577206941,
      "peak_phase_error": 0.22144522144522205,
      "reference_amplitude_relative_error": -0.7385685170481071,
      "reference_normalized_rmse": 0.2073158469457129,
      "reference_peak_phase_error": 0.08857808857808935,
      "target_amplitude": 14.332961726867142,
      "target_peak_phase": 0.9300699300699292
    },
    {
      "amplitude_relative_error": -0.8662038011664421,
      "canonical_name": "lpa_pressure",
      "improves_normalized_rmse": false,
      "model_amplitude": 0.400050634512338,
      "model_peak_phase": 0.6806526806526801,
      "normalized_rmse": 0.3891338341384693,
      "peak_phase_error": 0.13170163170163163,
      "reference_amplitude_relative_error": -0.8717400312738303,
      "reference_normalized_rmse": 0.3536130003455923,
      "reference_peak_phase_error": 0.12237762237762229,
      "target_amplitude": 2.99,
      "target_peak_phase": 0.5489510489510485
    },
    {
      "amplitude_relative_error": -0.5728520036486301,
      "canonical_name": "rpa_flow",
      "improves_normalized_rmse": false,
      "model_amplitude": 10.03788220389141,
      "model_peak_phase": 0.9184149184149176,
      "normalized_rmse": 0.24446164520054112,
      "peak_phase_error": 0.010489510489510745,
      "reference_amplitude_relative_error": -0.5317853257109922,
      "reference_normalized_rmse": 0.2338545772515043,
      "reference_peak_phase_error": 0.0034965034965037667,
      "target_amplitude": 23.49977593160544,
      "target_peak_phase": 0.9289044289044284
    },
    {
      "amplitude_relative_error": -0.7599084911559326,
      "canonical_name": "rpa_pressure",
      "improves_normalized_rmse": false,
      "model_amplitude": 0.4081555650349147,
      "model_peak_phase": 0.6503496503496499,
      "normalized_rmse": 0.5829543394541633,
      "peak_phase_error": 0.15384615384615397,
      "reference_amplitude_relative_error": -0.7139880514453972,
      "reference_normalized_rmse": 0.5061518431962875,
      "reference_peak_phase_error": 0.15617715617715622,
      "target_amplitude": 1.7000000000000002,
      "target_peak_phase": 0.4965034965034959
    },
    {
      "amplitude_relative_error": -0.7461268607014683,
      "canonical_name": "svc_flow",
      "improves_normalized_rmse": true,
      "model_amplitude": 4.865550382176885,
      "model_peak_phase": 0.0023310023310023,
      "normalized_rmse": 0.2863499811404572,
      "peak_phase_error": 0.3414918414918413,
      "reference_amplitude_relative_error": -0.6694462045202437,
      "reference_normalized_rmse": 0.2893846885103995,
      "reference_peak_phase_error": 0.3717948717948725,
      "target_amplitude": 19.16528229658609,
      "target_peak_phase": 0.3438228438228436
    },
    {
      "amplitude_relative_error": -0.9759052183161859,
      "canonical_name": "svc_pressure",
      "improves_normalized_rmse": true,
      "model_amplitude": 0.02139470061749904,
      "model_peak_phase": 0.8065268065268058,
      "normalized_rmse": 0.20280166879308434,
      "peak_phase_error": 0.31002331002330985,
      "reference_amplitude_relative_error": -0.9692553591088614,