vessel,Zc_mmHg_s_ml,downstream_resistance_mmHg_s_ml,ratio,comment
aao_arch,0.13297594352258363,0.1309652468466458,1.0153529025779813,parallel upper branches plus DAo/lower arterial entry
dao,0.3211217814118564,1.8143957536508166,0.17698552301266948,lower systemic bed
svc,0.08500825145109328,0.04733170740832418,1.7960106682342707,parallel TCPC-to-pulmonary proximal paths
ivc,0.04046011171425212,0.04733170740832418,0.854820456088944,parallel TCPC-to-pulmonary proximal paths
rpa,0.16831885291018994,0.124199709327288,1.3552274302562195,right pulmonary RCR bed
lpa,0.5250873665021559,0.17939958013941598,2.926915247483284,left pulmonary RCR bed
